Nama,Kerja_Senin,Kuliah_Senin,Kerja_Selasa,Kuliah_Selasa,Kerja_Rabu,Kuliah_Rabu,Kerja_Kamis,Kuliah_Kamis,Kerja_Jumat,Kuliah_Jumat,Kerja_Sabtu,Kuliah_Sabtu,Kerja_Minggu,Kuliah_Minggu
Subjek_001,"[0, 1, 2, 3, 4, 5, 6, 7, 8, 9, 10, 11]","[14, 15, 16, 17, 26, 27, 28, 29]","[0, 1, 2, 3, 4, 5, 6, 7, 8, 9, 10, 11]","[24, 25, 26, 27, 29, 30, 31, 32]","[0, 1, 2, 3, 4, 5, 6, 7, 8, 9, 10, 11]","[19, 20, 21, 22, 23, 29, 30, 31, 32]","[0, 1, 2, 3, 4, 5, 6, 7, 8, 9, 10, 11]","[19, 20, 21, 22, 23, 24, 25, 26, 27]","[0, 1, 2, 3, 4, 5, 6, 7, 8, 9, 10, 11]","[19, 20, 21, 22, 26, 27, 28, 29, 31, 32, 33, 34]",[],[],"[0, 1, 2, 3, 4, 5, 6, 7, 8, 9, 10, 11]",[]
Subjek_006,[],"[16, 17, 18, 20, 21, 22]","[24, 25, 26, 27, 28, 29, 30, 31, 32, 33]","[19, 20, 21, 22, 23]",[],"[28, 29, 30, 31, 32, 33, 34]","[24, 25, 26, 27, 28, 29, 30, 31, 32, 33]","[14, 15, 16, 18, 19, 20, 21]","[24, 25, 26, 27, 28, 29, 30, 31, 32, 33]","[15, 16, 17]","[24, 25, 26, 27, 28, 29, 30, 31, 32, 33]",[],"[24, 25, 26, 27, 28, 29, 30, 31, 32, 33]",[]
Subjek_037,"[37, 38, 39, 40, 41, 42, 43, 44, 45, 46]","[22, 23, 24, 25, 26, 27, 28, 29]",[],"[26, 27, 28, 29]","[37, 38, 39, 40, 41, 42, 43, 44, 45, 46]","[15, 16, 17, 26, 27, 28, 29]","[37, 38, 39, 40, 41, 42, 43, 44, 45, 46]","[18, 19, 20, 21, 24, 25, 26, 27]",[],"[24, 25, 26, 27, 31, 32, 33, 34]","[37, 38, 39, 40, 41, 42, 43, 44, 45, 46]",[],"[37, 38, 39, 40, 41, 42, 43, 44, 45, 46]",[]
Subjek_046,"[0, 1, 2, 3, 40, 41, 42, 43, 44, 45, 46, 47]","[24, 25, 26, 27, 29, 30, 31, 32]","[0, 1, 2, 3, 40, 41, 42, 43, 44, 45, 46, 47]","[26, 27, 28, 29]","[0, 1, 2, 3, 40, 41, 42, 43, 44, 45, 46, 47]","[16, 17, 18]",[],"[30, 31, 32, 33]","[0, 1, 2, 3, 40, 41, 42, 43, 44, 45, 46, 47]","[14, 15, 16, 24, 25, 26, 27, 28, 29, 30]","[0, 1, 2, 3, 40, 41, 42, 43, 44, 45, 46, 47]",[],[],[]
Subjek_014,[],"[26, 27, 28, 29]",[],[],"[17, 18, 19, 20, 21, 22, 23, 24, 25, 26, 27, 28]","[31, 32, 33, 34]","[17, 18, 19, 20, 21, 22, 23, 24, 25, 26, 27, 28]","[31, 32, 33, 34]","[17, 18, 19, 20, 21, 22, 23, 24, 25, 26, 27, 28]","[14, 15, 16]","[17, 18, 19, 20, 21, 22, 23, 24, 25, 26, 27, 28]",[],"[17, 18, 19, 20, 21, 22, 23, 24, 25, 26, 27, 28]",[]
Subjek_055,"[0, 1, 2, 3, 4, 5, 6, 7, 8, 9, 10, 11]","[24, 25, 26, 27, 30, 31, 32, 33]","[0, 1, 2, 3, 4, 5, 6, 7, 8, 9, 10, 11]",[],"[0, 1, 2, 3, 4, 5, 6, 7, 8, 9, 10, 11]","[18, 19, 20, 21]","[0, 1, 2, 3, 4, 5, 6, 7, 8, 9, 10, 11]","[24, 25, 26, 27]","[0, 1, 2, 3, 4, 5, 6, 7, 8, 9, 10, 11]","[15, 16, 17, 26, 27, 28, 29]",[],[],[],[]
Subjek_034,"[37, 38, 39, 40, 41, 42, 43, 44, 45, 46]","[14, 15, 16]",[],"[24, 25, 26, 27, 31, 32, 33, 34]","[37, 38, 39, 40, 41, 42, 43, 44, 45, 46]",[],"[37, 38, 39, 40, 41, 42, 43, 44, 45, 46]","[24, 25, 26, 27, 29, 30, 31, 32]",[],"[15, 16, 17, 19, 20, 21, 22, 23]","[37, 38, 39, 40, 41, 42, 43, 44, 45, 46]","[15, 16, 17, 25, 26, 27, 28, 29, 30]","[37, 38, 39, 40, 41, 42, 43, 44, 45, 46]",[]
Subjek_049,"[17, 18, 19, 20, 21, 22, 23, 24, 25, 26]","[29, 30, 31, 32]","[17, 18, 19, 20, 21, 22, 23, 24, 25, 26]","[14, 15, 16, 31, 32, 33, 34]",[],"[26, 27, 28, 29, 31, 32, 33, 34]",[],"[16, 17, 18, 28, 29, 30]","[17, 18, 19, 20, 21, 22, 23, 24, 25, 26]","[28, 29, 30]","[17, 18, 19, 20, 21, 22, 23, 24, 25, 26]",[],"[17, 18, 19, 20, 21, 22, 23, 24, 25, 26]",[]
Subjek_013,"[4, 5, 6, 7, 8, 9, 10, 11, 12, 13, 14, 15]","[20, 21, 22, 28, 29, 30]",[],"[22, 23, 24, 25]",[],"[18, 19, 20, 21, 28, 29, 30]","[4, 5, 6, 7, 8, 9, 10, 11, 12, 13, 14, 15]","[25, 26, 27, 28, 29, 30]","[4, 5, 6, 7, 8, 9, 10, 11, 12, 13, 14, 15]","[25, 26, 27]","[4, 5, 6, 7, 8, 9, 10, 11, 12, 13, 14, 15]",[],"[4, 5, 6, 7, 8, 9, 10, 11, 12, 13, 14, 15]",[]
Subjek_058,"[1, 2, 3, 4, 5, 6, 7, 8, 9, 10, 11, 12]","[29, 30, 31, 32]","[1, 2, 3, 4, 5, 6, 7, 8, 9, 10, 11, 12]","[26, 27, 28, 29]","[1, 2, 3, 4, 5, 6, 7, 8, 9, 10, 11, 12]","[24, 25, 26, 27, 30, 31, 32, 33]","[1, 2, 3, 4, 5, 6, 7, 8, 9, 10, 11, 12]","[18, 19, 20, 21, 28, 29, 30]","[1, 2, 3, 4, 5, 6, 7, 8, 9, 10, 11, 12]","[22, 23, 24, 25, 28, 29, 30]",[],[],[],[]
Subjek_047,"[32, 33, 34, 35, 36, 37, 38, 39, 40, 41]","[20, 21, 22, 25, 26, 27]","[32, 33, 34, 35, 36, 37, 38, 39, 40, 41]","[14, 15, 16]","[32, 33, 34, 35, 36, 37, 38, 39, 40, 41]","[25, 26, 27]","[32, 33, 34, 35, 36, 37, 38, 39, 40, 41]",[],[],"[20, 21, 22]","[32, 33, 34, 35, 36, 37, 38, 39, 40, 41]","[14, 15, 16, 19, 20, 21, 22, 23]",[],[]
Subjek_051,"[5, 6, 7, 8, 9, 10, 11, 12, 13, 14, 15, 16]",[],[],"[25, 26, 27, 30, 31, 32, 33]",[],"[15, 16, 17, 28, 29, 30]","[5, 6, 7, 8, 9, 10, 11, 12, 13, 14, 15, 16]","[22, 23, 24, 25]","[5, 6, 7, 8, 9, 10, 11, 12, 13, 14, 15, 16]","[22, 23, 24, 25, 30, 31, 32, 33]","[5, 6, 7, 8, 9, 10, 11, 12, 13, 14, 15, 16]",[],"[5, 6, 7, 8, 9, 10, 11, 12, 13, 14, 15, 16]",[]
Subjek_032,[],"[19, 20, 21, 22, 23, 24, 25, 26, 27]",[],"[16, 17, 18, 24, 25, 26, 27]","[18, 19, 20, 21, 22, 23, 24, 25, 26, 27, 28, 29]","[14, 15, 16, 30, 31, 32, 33]","[18, 19, 20, 21, 22, 23, 24, 25, 26, 27, 28, 29]","[14, 15, 16]","[18, 19, 20, 21, 22, 23, 24, 25, 26, 27, 28, 29]","[14, 15, 16, 31, 32, 33, 34]","[18, 19, 20, 21, 22, 23, 24, 25, 26, 27, 28, 29]",[],"[18, 19, 20, 21, 22, 23, 24, 25, 26, 27, 28, 29]",[]
Subjek_004,[],"[15, 16, 17, 30, 31, 32, 33]","[0, 1, 2, 3, 4, 5, 42, 43, 44, 45, 46, 47]","[19, 20, 21, 22, 23, 24, 25, 26, 27]","[0, 1, 2, 3, 4, 5, 42, 43, 44, 45, 46, 47]","[14, 15, 16, 20, 21, 22]","[0, 1, 2, 3, 4, 5, 42, 43, 44, 45, 46, 47]","[14, 15, 16, 28, 29, 30]",[],"[15, 16, 17]","[0, 1, 2, 3, 4, 5, 42, 43, 44, 45, 46, 47]",[],"[0, 1, 2, 3, 4, 5, 42, 43, 44, 45, 46, 47]",[]
Subjek_053,"[4, 5, 6, 7, 8, 9, 10, 11, 12, 13, 14, 15]","[16, 17, 18]",[],"[15, 16, 17, 22, 23, 24, 25, 26, 27, 28, 29]",[],"[30, 31, 32, 33]","[4, 5, 6, 7, 8, 9, 10, 11, 12, 13, 14, 15]","[22, 23, 24, 25]","[4, 5, 6, 7, 8, 9, 10, 11, 12, 13, 14, 15]","[19, 20, 21, 22, 23, 24, 25, 26, 27]","[4, 5, 6, 7, 8, 9, 10, 11, 12, 13, 14, 15]",[],"[4, 5, 6, 7, 8, 9, 10, 11, 12, 13, 14, 15]",[]
Subjek_018,[],"[16, 17, 18]","[35, 36, 37, 38, 39, 40, 41, 42, 43, 44, 45, 46]","[20, 21, 22, 30, 31, 32, 33]","[35, 36, 37, 38, 39, 40, 41, 42, 43, 44, 45, 46]",[],[],"[14, 15, 16, 22, 23, 24, 25, 26, 27, 28, 29]","[35, 36, 37, 38, 39, 40, 41, 42, 43, 44, 45, 46]","[25, 26, 27]","[35, 36, 37, 38, 39, 40, 41, 42, 43, 44, 45, 46]",[],[],[]
Subjek_009,"[32, 33, 34, 35, 36, 37, 38, 39, 40, 41]","[16, 17, 18, 24, 25, 26, 27, 28, 29, 30]","[32, 33, 34, 35, 36, 37, 38, 39, 40, 41]","[28, 29, 30]","[32, 33, 34, 35, 36, 37, 38, 39, 40, 41]",[],"[32, 33, 34, 35, 36, 37, 38, 39, 40, 41]","[24, 25, 26, 27]",[],"[14, 15, 16, 20, 21, 22, 24, 25, 26, 27]","[32, 33, 34, 35, 36, 37, 38, 39, 40, 41]",[],[],[]
Subjek_007,"[0, 1, 2, 39, 40, 41, 42, 43, 44, 45, 46, 47]","[20, 21, 22, 28, 29, 30]","[0, 1, 2, 39, 40, 41, 42, 43, 44, 45, 46, 47]","[15, 16, 17, 19, 20, 21, 22, 23]","[0, 1, 2, 39, 40, 41, 42, 43, 44, 45, 46, 47]","[25, 26, 27, 29, 30, 31, 32]",[],"[29, 30, 31, 32]","[0, 1, 2, 39, 40, 41, 42, 43, 44, 45, 46, 47]","[22, 23, 24, 25]","[0, 1, 2, 39, 40, 41, 42, 43, 44, 45, 46, 47]",[],[],[]
Subjek_041,[],[],"[34, 35, 36, 37, 38, 39, 40, 41, 42, 43]","[16, 17, 18, 26, 27, 28, 29]","[34, 35, 36, 37, 38, 39, 40, 41, 42, 43]","[18, 19, 20, 21]","[34, 35, 36, 37, 38, 39, 40, 41, 42, 43]","[14, 15, 16, 20, 21, 22, 29, 30, 31, 32]","[34, 35, 36, 37, 38, 39, 40, 41, 42, 43]","[20, 21, 22, 26, 27, 28, 29]","[34, 35, 36, 37, 38, 39, 40, 41, 42, 43]",[],[],[]
Subjek_005,"[38, 39, 40, 41, 42, 43, 44, 45, 46]","[19, 20, 21, 22, 23, 31, 32, 33, 34]","[38, 39, 40, 41, 42, 43, 44, 45, 46]","[15, 16, 17]",[],[],"[38, 39, 40, 41, 42, 43, 44, 45, 46]","[25, 26, 27]","[38, 39, 40, 41, 42, 43, 44, 45, 46]","[29, 30, 31, 32]",[],"[28, 29, 30]","[38, 39, 40, 41, 42, 43, 44, 45, 46]",[]
Subjek_044,[],[],"[0, 1, 2, 3, 4, 41, 42, 43, 44, 45, 46, 47]","[20, 21, 22, 30, 31, 32, 33]","[0, 1, 2, 3, 4, 41, 42, 43, 44, 45, 46, 47]","[29, 30, 31, 32]","[0, 1, 2, 3, 4, 41, 42, 43, 44, 45, 46, 47]","[25, 26, 27]",[],"[15, 16, 17, 22, 23, 24, 25, 26, 27, 28, 29]","[0, 1, 2, 3, 4, 41, 42, 43, 44, 45, 46, 47]",[],"[0, 1, 2, 3, 4, 41, 42, 43, 44, 45, 46, 47]",[]
Subjek_020,"[0, 39, 40, 41, 42, 43, 44, 45, 46, 47]","[15, 16, 17]","[0, 39, 40, 41, 42, 43, 44, 45, 46, 47]","[25, 26, 27]",[],"[26, 27, 28, 29, 30, 31, 32, 33]","[0, 39, 40, 41, 42, 43, 44, 45, 46, 47]","[30, 31, 32, 33]",[],[],"[0, 39, 40, 41, 42, 43, 44, 45, 46, 47]",[],"[0, 39, 40, 41, 42, 43, 44, 45, 46, 47]",[]
Subjek_035,[],"[25, 26, 27, 28, 29, 30]",[],"[19, 20, 21, 22, 23]","[17, 18, 19, 20, 21, 22, 23, 24, 25, 26, 27, 28]","[30, 31, 32, 33]","[17, 18, 19, 20, 21, 22, 23, 24, 25, 26, 27, 28]",[],"[17, 18, 19, 20, 21, 22, 23, 24, 25, 26, 27, 28]","[30, 31, 32, 33]","[17, 18, 19, 20, 21, 22, 23, 24, 25, 26, 27, 28]",[],"[17, 18, 19, 20, 21, 22, 23, 24, 25, 26, 27, 28]",[]
Subjek_059,"[0, 39, 40, 41, 42, 43, 44, 45, 46, 47]","[16, 17, 18, 25, 26, 27]","[0, 39, 40, 41, 42, 43, 44, 45, 46, 47]","[25, 26, 27, 31, 32, 33, 34]",[],"[14, 15, 16, 19, 20, 21, 22, 23, 31, 32, 33, 34]","[0, 39, 40, 41, 42, 43, 44, 45, 46, 47]","[26, 27, 28, 29]",[],"[31, 32, 33, 34]","[0, 39, 40, 41, 42, 43, 44, 45, 46, 47]",[],"[0, 39, 40, 41, 42, 43, 44, 45, 46, 47]",[]
Subjek_026,"[0, 1, 2, 3, 4, 5, 6, 43, 44, 45, 46, 47]","[22, 23, 24, 25]",[],"[16, 17, 18]","[0, 1, 2, 3, 4, 5, 6, 43, 44, 45, 46, 47]","[15, 16, 17]",[],"[18, 19, 20, 21]","[0, 1, 2, 3, 4, 5, 6, 43, 44, 45, 46, 47]","[19, 20, 21, 22, 23, 25, 26, 27, 30, 31, 32, 33]","[0, 1, 2, 3, 4, 5, 6, 43, 44, 45, 46, 47]",[],"[0, 1, 2, 3, 4, 5, 6, 43, 44, 45, 46, 47]",[]
Subjek_057,"[0, 1, 2, 3, 4, 5, 6, 7, 44, 45, 46, 47]","[18, 19, 20, 21, 26, 27, 28, 29]","[0, 1, 2, 3, 4, 5, 6, 7, 44, 45, 46, 47]","[16, 17, 18, 19, 20, 21, 22, 23, 26, 27, 28, 29]","[0, 1, 2, 3, 4, 5, 6, 7, 44, 45, 46, 47]","[15, 16, 17, 22, 23, 24, 25]","[0, 1, 2, 3, 4, 5, 6, 7, 44, 45, 46, 47]",[],"[0, 1, 2, 3, 4, 5, 6, 7, 44, 45, 46, 47]","[20, 21, 22, 24, 25, 26, 27]",[],"[24, 25, 26, 27, 30, 31, 32, 33]",[],[]
Subjek_016,"[38, 39, 40, 41, 42, 43, 44, 45, 46, 47]","[16, 17, 18, 19, 20, 21, 22, 23, 26, 27, 28, 29]","[38, 39, 40, 41, 42, 43, 44, 45, 46, 47]","[18, 19, 20, 21]",[],"[15, 16, 17, 24, 25, 26, 27, 30, 31, 32, 33]","[38, 39, 40, 41, 42, 43, 44, 45, 46, 47]","[14, 15, 16, 19, 20, 21, 22, 23]",[],"[20, 21, 22, 31, 32, 33, 34]","[38, 39, 40, 41, 42, 43, 44, 45, 46, 47]","[16, 17, 18, 20, 21, 22, 30, 31, 32, 33]","[38, 39, 40, 41, 42, 43, 44, 45, 46, 47]",[]
Subjek_028,[],"[19, 20, 21, 22, 23]","[25, 26, 27, 28, 29, 30, 31, 32, 33, 34]",[],[],"[26, 27, 28, 29, 30, 31, 32, 33]","[25, 26, 27, 28, 29, 30, 31, 32, 33, 34]","[15, 16, 17, 18, 19, 20, 21]","[25, 26, 27, 28, 29, 30, 31, 32, 33, 34]","[18, 19, 20, 21]","[25, 26, 27, 28, 29, 30, 31, 32, 33, 34]","[15, 16, 17, 20, 21, 22]","[25, 26, 27, 28, 29, 30, 31, 32, 33, 34]",[]
Subjek_010,"[2, 3, 4, 5, 6, 7, 8, 9, 10, 11, 12, 13]","[30, 31, 32, 33]",[],"[19, 20, 21, 22, 23, 26, 27, 28, 29, 30, 31, 32, 33]","[2, 3, 4, 5, 6, 7, 8, 9, 10, 11, 12, 13]","[19, 20, 21, 22, 23, 28, 29, 30]",[],"[16, 17, 18]","[2, 3, 4, 5, 6, 7, 8, 9, 10, 11, 12, 13]","[15, 16, 17]",[],[],"[2, 3, 4, 5, 6, 7, 8, 9, 10, 11, 12, 13]",[]
Subjek_031,"[0, 1, 2, 3, 4, 5, 6, 7, 8, 45, 46, 47]","[19, 20, 21, 22, 23, 28, 29, 30]","[0, 1, 2, 3, 4, 5, 6, 7, 8, 45, 46, 47]","[14, 15, 16, 26, 27, 28, 29]","[0, 1, 2, 3, 4, 5, 6, 7, 8, 45, 46, 47]","[16, 17, 18, 30, 31, 32, 33]","[0, 1, 2, 3, 4, 5, 6, 7, 8, 45, 46, 47]","[16, 17, 18, 20, 21, 22, 24, 25, 26, 27]","[0, 1, 2, 3, 4, 5, 6, 7, 8, 45, 46, 47]","[19, 20, 21, 22, 23]",[],[],[],[]
Subjek_027,"[0, 1, 2, 3, 4, 5, 6, 43, 44, 45, 46, 47]","[18, 19, 20, 21, 29, 30, 31, 32]",[],"[15, 16, 17, 19, 20, 21, 22, 23]","[0, 1, 2, 3, 4, 5, 6, 43, 44, 45, 46, 47]","[14, 15, 16, 18, 19, 20, 21, 25, 26, 27]",[],"[15, 16, 17]","[0, 1, 2, 3, 4, 5, 6, 43, 44, 45, 46, 47]","[15, 16, 17]","[0, 1, 2, 3, 4, 5, 6, 43, 44, 45, 46, 47]",[],"[0, 1, 2, 3, 4, 5, 6, 43, 44, 45, 46, 47]",[]
Subjek_017,"[0, 39, 40, 41, 42, 43, 44, 45, 46, 47]","[20, 21, 22]","[0, 39, 40, 41, 42, 43, 44, 45, 46, 47]","[16, 17, 18, 22, 23, 24, 25]",[],"[24, 25, 26, 27, 28, 29, 30]","[0, 39, 40, 41, 42, 43, 44, 45, 46, 47]","[18, 19, 20, 21, 22, 23, 24, 25, 28, 29, 30]",[],"[24, 25, 26, 27]","[0, 39, 40, 41, 42, 43, 44, 45, 46, 47]",[],"[0, 39, 40, 41, 42, 43, 44, 45, 46, 47]",[]
Subjek_025,"[33, 34, 35, 36, 37, 38, 39, 40, 41, 42]","[18, 19, 20, 21]","[33, 34, 35, 36, 37, 38, 39, 40, 41, 42]","[18, 19, 20, 21]","[33, 34, 35, 36, 37, 38, 39, 40, 41, 42]","[14, 15, 16, 25, 26, 27]","[33, 34, 35, 36, 37, 38, 39, 40, 41, 42]","[20, 21, 22, 29, 30, 31, 32]",[],"[14, 15, 16, 31, 32, 33, 34]","[33, 34, 35, 36, 37, 38, 39, 40, 41, 42]",[],[],[]
Subjek_056,"[0, 1, 2, 3, 4, 5, 6, 7, 8, 9, 10, 11]","[16, 17, 18, 24, 25, 26, 27]","[0, 1, 2, 3, 4, 5, 6, 7, 8, 9, 10, 11]","[22, 23, 24, 25]","[0, 1, 2, 3, 4, 5, 6, 7, 8, 9, 10, 11]","[15, 16, 17, 30, 31, 32, 33]","[0, 1, 2, 3, 4, 5, 6, 7, 8, 9, 10, 11]","[18, 19, 20, 21]",[],"[22, 23, 24, 25]",[],[],"[0, 1, 2, 3, 4, 5, 6, 7, 8, 9, 10, 11]",[]
Subjek_012,"[16, 17, 18, 19, 20, 21, 22, 23, 24, 25]","[30, 31, 32, 33]","[16, 17, 18, 19, 20, 21, 22, 23, 24, 25]","[28, 29, 30, 31, 32, 33, 34]",[],"[18, 19, 20, 21, 24, 25, 26, 27, 28, 29, 30]",[],"[15, 16, 17, 22, 23, 24, 25]","[16, 17, 18, 19, 20, 21, 22, 23, 24, 25]","[28, 29, 30]","[16, 17, 18, 19, 20, 21, 22, 23, 24, 25]",[],"[16, 17, 18, 19, 20, 21, 22, 23, 24, 25]",[]
Subjek_033,"[38, 39, 40, 41, 42, 43, 44, 45, 46, 47]","[16, 17, 18]",[],"[30, 31, 32, 33]","[38, 39, 40, 41, 42, 43, 44, 45, 46, 47]","[22, 23, 24, 25, 28, 29, 30]","[38, 39, 40, 41, 42, 43, 44, 45, 46, 47]",[],[],"[16, 17, 18, 24, 25, 26, 27]","[38, 39, 40, 41, 42, 43, 44, 45, 46, 47]","[14, 15, 16, 19, 20, 21, 22, 23]","[38, 39, 40, 41, 42, 43, 44, 45, 46, 47]",[]
Subjek_054,"[38, 39, 40, 41, 42, 43, 44, 45, 46, 47]","[15, 16, 17, 18, 19, 20, 21, 22, 23, 24, 25]",[],"[16, 17, 18, 24, 25, 26, 27, 29, 30, 31, 32]","[38, 39, 40, 41, 42, 43, 44, 45, 46, 47]","[14, 15, 16, 20, 21, 22, 31, 32, 33, 34]","[38, 39, 40, 41, 42, 43, 44, 45, 46, 47]","[15, 16, 17, 20, 21, 22, 30, 31, 32, 33]",[],"[22, 23, 24, 25]","[38, 39, 40, 41, 42, 43, 44, 45, 46, 47]",[],"[38, 39, 40, 41, 42, 43, 44, 45, 46, 47]",[]
Subjek_042,"[0, 1, 2, 39, 40, 41, 42, 43, 44, 45, 46, 47]","[19, 20, 21, 22, 23, 25, 26, 27, 29, 30, 31, 32]","[0, 1, 2, 39, 40, 41, 42, 43, 44, 45, 46, 47]",[],"[0, 1, 2, 39, 40, 41, 42, 43, 44, 45, 46, 47]","[24, 25, 26, 27, 31, 32, 33, 34]",[],"[14, 15, 16, 28, 29, 30]","[0, 1, 2, 39, 40, 41, 42, 43, 44, 45, 46, 47]","[15, 16, 17, 22, 23, 24, 25]","[0, 1, 2, 39, 40, 41, 42, 43, 44, 45, 46, 47]",[],[],[]
Subjek_038,"[36, 37, 38, 39, 40, 41, 42, 43, 44, 45]","[18, 19, 20, 21, 25, 26, 27]",[],"[19, 20, 21, 22, 23, 26, 27, 28, 29]","[36, 37, 38, 39, 40, 41, 42, 43, 44, 45]","[25, 26, 27, 30, 31, 32, 33]","[36, 37, 38, 39, 40, 41, 42, 43, 44, 45]","[20, 21, 22, 28, 29, 30]",[],"[18, 19, 20, 21, 31, 32, 33, 34]","[36, 37, 38, 39, 40, 41, 42, 43, 44, 45]",[],"[36, 37, 38, 39, 40, 41, 42, 43, 44, 45]",[]
Subjek_030,"[15, 16, 17, 18, 19, 20, 21, 22, 23, 24]","[28, 29, 30]","[15, 16, 17, 18, 19, 20, 21, 22, 23, 24]",[],[],"[19, 20, 21, 22, 23, 28, 29, 30]",[],"[25, 26, 27]","[15, 16, 17, 18, 19, 20, 21, 22, 23, 24]","[31, 32, 33, 34]","[15, 16, 17, 18, 19, 20, 21, 22, 23, 24]",[],"[15, 16, 17, 18, 19, 20, 21, 22, 23, 24]",[]
Subjek_045,"[37, 38, 39, 40, 41, 42, 43, 44, 45, 46]","[18, 19, 20, 21, 28, 29, 30]",[],"[19, 20, 21, 22, 23]","[37, 38, 39, 40, 41, 42, 43, 44, 45, 46]","[14, 15, 16, 18, 19, 20, 21, 25, 26, 27]","[37, 38, 39, 40, 41, 42, 43, 44, 45, 46]","[15, 16, 17, 30, 31, 32, 33]","[37, 38, 39, 40, 41, 42, 43, 44, 45, 46]","[16, 17, 18, 19, 20, 21, 22, 23]","[37, 38, 39, 40, 41, 42, 43, 44, 45, 46]",[],[],[]
Subjek_002,[],"[25, 26, 27, 31, 32, 33, 34]","[34, 35, 36, 37, 38, 39, 40, 41, 42, 43]","[24, 25, 26, 27]","[34, 35, 36, 37, 38, 39, 40, 41, 42, 43]","[24, 25, 26, 27, 29, 30, 31, 32]","[34, 35, 36, 37, 38, 39, 40, 41, 42, 43]","[20, 21, 22, 28, 29, 30]","[34, 35, 36, 37, 38, 39, 40, 41, 42, 43]","[18, 19, 20, 21, 29, 30, 31, 32]","[34, 35, 36, 37, 38, 39, 40, 41, 42, 43]",[],[],[]
Subjek_022,[],"[28, 29, 30]","[0, 1, 2, 3, 4, 41, 42, 43, 44, 45, 46, 47]","[15, 16, 17, 25, 26, 27]","[0, 1, 2, 3, 4, 41, 42, 43, 44, 45, 46, 47]","[26, 27, 28, 29]","[0, 1, 2, 3, 4, 41, 42, 43, 44, 45, 46, 47]","[31, 32, 33, 34]",[],"[18, 19, 20, 21, 24, 25, 26, 27]","[0, 1, 2, 3, 4, 41, 42, 43, 44, 45, 46, 47]",[],"[0, 1, 2, 3, 4, 41, 42, 43, 44, 45, 46, 47]",[]
Subjek_003,"[36, 37, 38, 39, 40, 41, 42, 43, 44, 45]","[22, 23, 24, 25, 30, 31, 32, 33]",[],"[14, 15, 16, 26, 27, 28, 29, 31, 32, 33, 34]","[36, 37, 38, 39, 40, 41, 42, 43, 44, 45]",[],"[36, 37, 38, 39, 40, 41, 42, 43, 44, 45]","[28, 29, 30, 31, 32, 33, 34]","[36, 37, 38, 39, 40, 41, 42, 43, 44, 45]","[15, 16, 17, 28, 29, 30]","[36, 37, 38, 39, 40, 41, 42, 43, 44, 45]","[30, 31, 32, 33]",[],[]
Subjek_048,"[31, 32, 33, 34, 35, 36, 37, 38, 39, 40]","[22, 23, 24, 25]","[31, 32, 33, 34, 35, 36, 37, 38, 39, 40]","[14, 15, 16]","[31, 32, 33, 34, 35, 36, 37, 38, 39, 40]","[19, 20, 21, 22, 23]","[31, 32, 33, 34, 35, 36, 37, 38, 39, 40]","[18, 19, 20, 21]",[],"[29, 30, 31, 32]","[31, 32, 33, 34, 35, 36, 37, 38, 39, 40]",[],[],[]
Subjek_040,"[37, 38, 39, 40, 41, 42, 43, 44, 45, 46]","[29, 30, 31, 32]",[],"[18, 19, 20, 21, 26, 27, 28, 29]","[37, 38, 39, 40, 41, 42, 43, 44, 45, 46]","[14, 15, 16, 18, 19, 20, 21, 24, 25, 26, 27]","[37, 38, 39, 40, 41, 42, 43, 44, 45, 46]","[19, 20, 21, 22, 23]","[37, 38, 39, 40, 41, 42, 43, 44, 45, 46]","[14, 15, 16, 24, 25, 26, 27]","[37, 38, 39, 40, 41, 42, 43, 44, 45, 46]",[],[],[]
Subjek_036,[],"[16, 17, 18, 22, 23, 24, 25]",[],"[24, 25, 26, 27, 28, 29, 30]","[18, 19, 20, 21, 22, 23, 24, 25, 26, 27, 28, 29]","[14, 15, 16, 30, 31, 32, 33]","[18, 19, 20, 21, 22, 23, 24, 25, 26, 27, 28, 29]","[14, 15, 16]","[18, 19, 20, 21, 22, 23, 24, 25, 26, 27, 28, 29]","[14, 15, 16]","[18, 19, 20, 21, 22, 23, 24, 25, 26, 27, 28, 29]","[14, 15, 16]","[18, 19, 20, 21, 22, 23, 24, 25, 26, 27, 28, 29]",[]
Subjek_024,"[37, 38, 39, 40, 41, 42, 43, 44, 45]","[16, 17, 18, 22, 23, 24, 25]","[37, 38, 39, 40, 41, 42, 43, 44, 45]","[25, 26, 27]",[],"[25, 26, 27]","[37, 38, 39, 40, 41, 42, 43, 44, 45]","[14, 15, 16, 24, 25, 26, 27]","[37, 38, 39, 40, 41, 42, 43, 44, 45]","[24, 25, 26, 27]",[],[],"[37, 38, 39, 40, 41, 42, 43, 44, 45]",[]
Subjek_050,"[30, 31, 32, 33, 34, 35, 36, 37, 38, 39]","[22, 23, 24, 25]","[30, 31, 32, 33, 34, 35, 36, 37, 38, 39]","[22, 23, 24, 25]","[30, 31, 32, 33, 34, 35, 36, 37, 38, 39]","[15, 16, 17]","[30, 31, 32, 33, 34, 35, 36, 37, 38, 39]","[15, 16, 17]","[30, 31, 32, 33, 34, 35, 36, 37, 38, 39]","[25, 26, 27]","[30, 31, 32, 33, 34, 35, 36, 37, 38, 39]",[],[],[]
Subjek_011,"[4, 5, 6, 7, 8, 9, 10, 11, 12, 13, 14, 15]","[22, 23, 24, 25, 29, 30, 31, 32]",[],"[14, 15, 16, 29, 30, 31, 32]",[],"[16, 17, 18]","[4, 5, 6, 7, 8, 9, 10, 11, 12, 13, 14, 15]","[29, 30, 31, 32]","[4, 5, 6, 7, 8, 9, 10, 11, 12, 13, 14, 15]",[],"[4, 5, 6, 7, 8, 9, 10, 11, 12, 13, 14, 15]",[],"[4, 5, 6, 7, 8, 9, 10, 11, 12, 13, 14, 15]",[]
Subjek_023,"[0, 1, 2, 3, 40, 41, 42, 43, 44, 45, 46, 47]","[18, 19, 20, 21, 25, 26, 27]","[0, 1, 2, 3, 40, 41, 42, 43, 44, 45, 46, 47]","[15, 16, 17]","[0, 1, 2, 3, 40, 41, 42, 43, 44, 45, 46, 47]","[28, 29, 30]",[],"[14, 15, 16, 29, 30, 31, 32]","[0, 1, 2, 3, 40, 41, 42, 43, 44, 45, 46, 47]","[26, 27, 28, 29, 30, 31, 32, 33]","[0, 1, 2, 3, 40, 41, 42, 43, 44, 45, 46, 47]",[],[],[]
Subjek_019,"[37, 38, 39, 40, 41, 42, 43, 44, 45, 46]",[],[],"[31, 32, 33, 34]","[37, 38, 39, 40, 41, 42, 43, 44, 45, 46]","[16, 17, 18]","[37, 38, 39, 40, 41, 42, 43, 44, 45, 46]","[15, 16, 17, 20, 21, 22]","[37, 38, 39, 40, 41, 42, 43, 44, 45, 46]","[16, 17, 18]","[37, 38, 39, 40, 41, 42, 43, 44, 45, 46]",[],[],[]
Subjek_060,"[1, 2, 3, 4, 5, 6, 7, 8, 9, 10, 11, 12]","[19, 20, 21, 22, 23, 30, 31, 32, 33]","[1, 2, 3, 4, 5, 6, 7, 8, 9, 10, 11, 12]","[14, 15, 16, 26, 27, 28, 29]","[1, 2, 3, 4, 5, 6, 7, 8, 9, 10, 11, 12]","[19, 20, 21, 22, 23]","[1, 2, 3, 4, 5, 6, 7, 8, 9, 10, 11, 12]","[31, 32, 33, 34]",[],"[15, 16, 17, 24, 25, 26, 27]",[],[],"[1, 2, 3, 4, 5, 6, 7, 8, 9, 10, 11, 12]",[]
Subjek_021,[],"[19, 20, 21, 22, 23, 29, 30, 31, 32]","[34, 35, 36, 37, 38, 39, 40, 41, 42, 43]","[30, 31, 32, 33]","[34, 35, 36, 37, 38, 39, 40, 41, 42, 43]","[24, 25, 26, 27]","[34, 35, 36, 37, 38, 39, 40, 41, 42, 43]","[20, 21, 22, 29, 30, 31, 32]","[34, 35, 36, 37, 38, 39, 40, 41, 42, 43]","[15, 16, 17, 19, 20, 21, 22, 23]","[34, 35, 36, 37, 38, 39, 40, 41, 42, 43]",[],[],[]
Subjek_008,"[3, 4, 5, 6, 7, 8, 9, 10, 11, 12, 13, 14]","[16, 17, 18, 29, 30, 31, 32]",[],"[31, 32, 33, 34]",[],"[16, 17, 18, 22, 23, 24, 25, 28, 29, 30]","[3, 4, 5, 6, 7, 8, 9, 10, 11, 12, 13, 14]",[],"[3, 4, 5, 6, 7, 8, 9, 10, 11, 12, 13, 14]","[20, 21, 22, 29, 30, 31, 32]","[3, 4, 5, 6, 7, 8, 9, 10, 11, 12, 13, 14]",[],"[3, 4, 5, 6, 7, 8, 9, 10, 11, 12, 13, 14]",[]
Subjek_043,"[0, 1, 2, 3, 40, 41, 42, 43, 44, 45, 46, 47]","[16, 17, 18, 30, 31, 32, 33]","[0, 1, 2, 3, 40, 41, 42, 43, 44, 45, 46, 47]",[],"[0, 1, 2, 3, 40, 41, 42, 43, 44, 45, 46, 47]","[15, 16, 17]",[],"[14, 15, 16, 20, 21, 22]","[0, 1, 2, 3, 40, 41, 42, 43, 44, 45, 46, 47]","[30, 31, 32, 33]","[0, 1, 2, 3, 40, 41, 42, 43, 44, 45, 46, 47]",[],[],[]
Subjek_015,[],"[16, 17, 18, 25, 26, 27]","[35, 36, 37, 38, 39, 40, 41, 42, 43, 44, 45, 46]","[25, 26, 27]","[35, 36, 37, 38, 39, 40, 41, 42, 43, 44, 45, 46]","[28, 29, 30]",[],"[28, 29, 30, 31, 32, 33, 34]","[35, 36, 37, 38, 39, 40, 41, 42, 43, 44, 45, 46]","[29, 30, 31, 32]","[35, 36, 37, 38, 39, 40, 41, 42, 43, 44, 45, 46]",[],[],[]
Subjek_029,"[4, 5, 6, 7, 8, 9, 10, 11, 12, 13, 14, 15]","[16, 17, 18]",[],"[15, 16, 17, 24, 25, 26, 27]",[],[],"[4, 5, 6, 7, 8, 9, 10, 11, 12, 13, 14, 15]","[24, 25, 26, 27, 28, 29, 30]","[4, 5, 6, 7, 8, 9, 10, 11, 12, 13, 14, 15]","[16, 17, 18, 24, 25, 26, 27]","[4, 5, 6, 7, 8, 9, 10, 11, 12, 13, 14, 15]",[],"[4, 5, 6, 7, 8, 9, 10, 11, 12, 13, 14, 15]",[]
Subjek_052,"[4, 5, 6, 7, 8, 9, 10, 11, 12, 13, 14, 15]","[16, 17, 18, 30, 31, 32, 33]",[],[],[],"[15, 16, 17, 22, 23, 24, 25]","[4, 5, 6, 7, 8, 9, 10, 11, 12, 13, 14, 15]","[20, 21, 22, 26, 27, 28, 29]","[4, 5, 6, 7, 8, 9, 10, 11, 12, 13, 14, 15]","[18, 19, 20, 21, 24, 25, 26, 27]","[4, 5, 6, 7, 8, 9, 10, 11, 12, 13, 14, 15]",[],"[4, 5, 6, 7, 8, 9, 10, 11, 12, 13, 14, 15]",[]
Subjek_039,"[2, 3, 4, 5, 6, 7, 8, 9, 10, 11, 12, 13]",[],"[2, 3, 4, 5, 6, 7, 8, 9, 10, 11, 12, 13]","[16, 17, 18, 25, 26, 27]","[2, 3, 4, 5, 6, 7, 8, 9, 10, 11, 12, 13]","[22, 23, 24, 25, 30, 31, 32, 33]","[2, 3, 4, 5, 6, 7, 8, 9, 10, 11, 12, 13]","[16, 17, 18]",[],"[24, 25, 26, 27]",[],[],"[2, 3, 4, 5, 6, 7, 8, 9, 10, 11, 12, 13]",[]
