Nama,Email,pekerjaan,Kerja_Senin,Kuliah_Senin,Kerja_Selasa,Kuliah_Selasa,Kerja_Rabu,Kuliah_Rabu,Kerja_Kamis,Kuliah_Kamis,Kerja_Jumat,Kuliah_Jumat,Kerja_Sabtu,Kuliah_Sabtu,Kerja_Minggu,Kuliah_Minggu
"Baretta Panuju Luhur,Barettapanuju1277@gmail.com,Driver,""[0,1,2,3,4,5,6,7,8,9,10,11]"",""[14,15,16,17,26,27,28,29]"",""[0,1,2,3,4,5,6,7,8,9,10,11]"",""[24,25,26,27,29,30,31,32]"",""[0,1,2,3,4,5,6,7,8,9,10,11]"",""[19,20,21,22,23,29,30,31,32]"",""[0,1,2,3,4,5,6,7,8,9,10,11]"",""[19,20,21,22,23,24,25,26,27]"",""[0,1,2,3,4,5,6,7,8,9,10,11]"",""[19,20,21,22,26,27,28,29,31,32,33,34]"",[],[],""[0,1,2,3,4,5,6,7,8,9,10,11]"",[]"
"Muhammad Dava Saputra,Muhdavasapu91@Gmail.com,Driver Online - ,[],""[25,26,27,31,32,33,34]"",""[34,35,36,37,38,39,40,41,42,43]"",""[24,25,26,27]"",""[34,35,36,37,38,39,40,41,42,43]"",""[24,25,26,27,29,30,31,32]"",""[34,35,36,37,38,39,40,41,42,43]"",""[20,21,22,28,29,30]"",""[34,35,36,37,38,39,40,41,42,43]"",""[18,19,20,21,29,30,31,32]"",""[34,35,36,37,38,39,40,41,42,43]"",[],[],[]"
"Aisyah Nur Fitri,AisyahNf21@Gmail.com,Freelancer Desain - ,""[36,37,38,39,40,41,42,43,44,45]"",""[22,23,24,25,30,31,32,33]"",[],""[14,15,16,26,27,28,29,31,32,33,34]"",""[36,37,38,39,40,41,42,43,44,45]"",[],""[36,37,38,39,40,41,42,43,44,45]"",""[28,29,30,31,32,33,34]"",""[36,37,38,39,40,41,42,43,44,45]"",""[15,16,17,28,29,30]"",""[36,37,38,39,40,41,42,43,44,45]"",""[30,31,32,33]"",[],[]"
"Bima Arya Saputra,Bimaaryasaputra@Gmail.com,Freelancer Desain - ,[],""[15,16,17,30,31,32,33]"",""[0,1,2,3,4,5,42,43,44,45,46,47]"",""[19,20,21,22,23,24,25,26,27]"",""[0,1,2,3,4,5,42,43,44,45,46,47]"",""[14,15,16,20,21,22]"",""[0,1,2,3,4,5,42,43,44,45,46,47]"",""[14,15,16,28,29,30]"",[],""[15,16,17]"",""[0,1,2,3,4,5,42,43,44,45,46,47]"",[],""[0,1,2,3,4,5,42,43,44,45,46,47]"",[]"
"Citra Lestari Putri,citralestari11@Gmail.com,Waiter  ,""[38,39,40,41,42,43,44,45,46]"",""[19,20,21,22,23,31,32,33,34]"",""[38,39,40,41,42,43,44,45,46]"",""[15,16,17]"",[],[],""[38,39,40,41,42,43,44,45,46]"",""[25,26,27]"",""[38,39,40,41,42,43,44,45,46]"",""[29,30,31,32]"",[],""[28,29,30]"",""[38,39,40,41,42,43,44,45,46]"",[]"
"Bevando pangea,Bevan.bevando12@Gmail.com,Barista  ,[],""[16,17,18,20,21,22]"",""[24,25,26,27,28,29,30,31,32,33]"",""[19,20,21,22,23]"",[],""[28,29,30,31,32,33,34]"",""[24,25,26,27,28,29,30,31,32,33]"",""[14,15,16,18,19,20,21]"",""[24,25,26,27,28,29,30,31,32,33]"",""[15,16,17]"",""[24,25,26,27,28,29,30,31,32,33]"",[],""[24,25,26,27,28,29,30,31,32,33]"",[]"
"Dewi ayu Kartika,dewikartika@Gmail.com,Kasir Beauty,""[0,1,2,39,40,41,42,43,44,45,46,47]"",""[20,21,22,28,29,30]"",""[0,1,2,39,40,41,42,43,44,45,46,47]"",""[15,16,17,19,20,21,22,23]"",""[0,1,2,39,40,41,42,43,44,45,46,47]"",""[25,26,27,29,30,31,32]"",[],""[29,30,31,32]"",""[0,1,2,39,40,41,42,43,44,45,46,47]"",""[22,23,24,25]"",""[0,1,2,39,40,41,42,43,44,45,46,47]"",[],[],[]"
"Eka Putra Ramadhan,ekaputrar12@Gmail.com,Waiter  ,""[3,4,5,6,7,8,9,10,11,12,13,14]"",""[16,17,18,29,30,31,32]"",[],""[31,32,33,34]"",[],""[16,17,18,22,23,24,25,28,29,30]"",""[3,4,5,6,7,8,9,10,11,12,13,14]"",[],""[3,4,5,6,7,8,9,10,11,12,13,14]"",""[20,21,22,29,30,31,32]"",""[3,4,5,6,7,8,9,10,11,12,13,14]"",[],""[3,4,5,6,7,8,9,10,11,12,13,14]"",[]"
"Fajar Dwi Nugroho,fajar.dwi.nugroho107@Gmail.com,Asisten Lab  ,""[32,33,34,35,36,37,38,39,40,41]"",""[16,17,18,24,25,26,27,28,29,30]"",""[32,33,34,35,36,37,38,39,40,41]"",""[28,29,30]"",""[32,33,34,35,36,37,38,39,40,41]"",[],""[32,33,34,35,36,37,38,39,40,41]"",""[24,25,26,27]"",[],""[14,15,16,20,21,22,24,25,26,27]"",""[32,33,34,35,36,37,38,39,40,41]"",[],[],[]"
"Fitriani Nur Azizah,fitriani.nur.azizah108@Gmail.com,Admin Toko  ,""[2,3,4,5,6,7,8,9,10,11,12,13]"",""[30,31,32,33]"",[],""[19,20,21,22,23,26,27,28,29,30,31,32,33]"",""[2,3,4,5,6,7,8,9,10,11,12,13]"",""[19,20,21,22,23,28,29,30]"",[],""[16,17,18]"",""[2,3,4,5,6,7,8,9,10,11,12,13]"",""[15,16,17]"",[],[],""[2,3,4,5,6,7,8,9,10,11,12,13]"",[]"
"Gilang Pratama Jaya,gilang.pratama.jaya109@Gmail.com,Freelancer Desain - ,""[4,5,6,7,8,9,10,11,12,13,14,15]"",""[22,23,24,25,29,30,31,32]"",[],""[14,15,16,29,30,31,32]"",[],""[16,17,18]"",""[4,5,6,7,8,9,10,11,12,13,14,15]"",""[29,30,31,32]"",""[4,5,6,7,8,9,10,11,12,13,14,15]"",[],""[4,5,6,7,8,9,10,11,12,13,14,15]"",[],""[4,5,6,7,8,9,10,11,12,13,14,15]"",[]"
"Hafiz Ahmad Fauzan,hafiz.ahmad.fauzan110@Gmail.com,Tutor Les  ,""[16,17,18,19,20,21,22,23,24,25]"",""[30,31,32,33]"",""[16,17,18,19,20,21,22,23,24,25]"",""[28,29,30,31,32,33,34]"",[],""[18,19,20,21,24,25,26,27,28,29,30]"",[],""[15,16,17,22,23,24,25]"",""[16,17,18,19,20,21,22,23,24,25]"",""[28,29,30]"",""[16,17,18,19,20,21,22,23,24,25]"",[],""[16,17,18,19,20,21,22,23,24,25]"",[]"
"Intan Permata Sari,intan.permata.sari111@Gmail.com,Kurir  ,""[4,5,6,7,8,9,10,11,12,13,14,15]"",""[20,21,22,28,29,30]"",[],""[22,23,24,25]"",[],""[18,19,20,21,28,29,30]"",""[4,5,6,7,8,9,10,11,12,13,14,15]"",""[25,26,27,28,29,30]"",""[4,5,6,7,8,9,10,11,12,13,14,15]"",""[25,26,27]"",""[4,5,6,7,8,9,10,11,12,13,14,15]"",[],""[4,5,6,7,8,9,10,11,12,13,14,15]"",[]"
"Jihan Nabila Putri,jihan.nabila.putri112@Gmail.com,Admin Toko  ,[],""[26,27,28,29]"",[],[],""[17,18,19,20,21,22,23,24,25,26,27,28]"",""[31,32,33,34]"",""[17,18,19,20,21,22,23,24,25,26,27,28]"",""[31,32,33,34]"",""[17,18,19,20,21,22,23,24,25,26,27,28]"",""[14,15,16]"",""[17,18,19,20,21,22,23,24,25,26,27,28]"",[],""[17,18,19,20,21,22,23,24,25,26,27,28]"",[]"
"Kevin Adi Wijaya,kevin.adi.wijaya113@Gmail.com,Tutor Les  ,[],""[16,17,18,25,26,27]"",""[35,36,37,38,39,40,41,42,43,44,45,46]"",""[25,26,27]"",""[35,36,37,38,39,40,41,42,43,44,45,46]"",""[28,29,30]"",[],""[28,29,30,31,32,33,34]"",""[35,36,37,38,39,40,41,42,43,44,45,46]"",""[29,30,31,32]"",""[35,36,37,38,39,40,41,42,43,44,45,46]"",[],[],[]"
"Laras Sekar Wangi,laras.sekar.wangi114@Gmail.com,Tutor Les  ,""[38,39,40,41,42,43,44,45,46,47]"",""[16,17,18,19,20,21,22,23,26,27,28,29]"",""[38,39,40,41,42,43,44,45,46,47]"",""[18,19,20,21]"",[],""[15,16,17,24,25,26,27,30,31,32,33]"",""[38,39,40,41,42,43,44,45,46,47]"",""[14,15,16,19,20,21,22,23]"",[],""[20,21,22,31,32,33,34]"",""[38,39,40,41,42,43,44,45,46,47]"",""[16,17,18,20,21,22,30,31,32,33]"",""[38,39,40,41,42,43,44,45,46,47]"",[]"
"M. Rizal Fadillah,muhammad.rizal.fadillah115@Gmail.com,Kurir  ,""[0,39,40,41,42,43,44,45,46,47]"",""[20,21,22]"",""[0,39,40,41,42,43,44,45,46,47]"",""[16,17,18,22,23,24,25]"",[],""[24,25,26,27,28,29,30]"",""[0,39,40,41,42,43,44,45,46,47]"",""[18,19,20,21,22,23,24,25,28,29,30]"",[],""[24,25,26,27]"",""[0,39,40,41,42,43,44,45,46,47]"",[],""[0,39,40,41,42,43,44,45,46,47]"",[]"
"Nadia Safira Anjani,nadia.safira.anjani116@Gmail.com,Admin Toko  ,[],""[16,17,18]"",""[35,36,37,38,39,40,41,42,43,44,45,46]"",""[20,21,22,30,31,32,33]"",""[35,36,37,38,39,40,41,42,43,44,45,46]"",[],[],""[14,15,16,22,23,24,25,26,27,28,29]"",""[35,36,37,38,39,40,41,42,43,44,45,46]"",""[25,26,27]"",""[35,36,37,38,39,40,41,42,43,44,45,46]"",[],[],[]"
"Naufal Dimas Ramadhan,naufal.dimas.ramadhan117@Gmail.com,Admin Toko  ,""[37,38,39,40,41,42,43,44,45,46]"",[],[],""[31,32,33,34]"",""[37,38,39,40,41,42,43,44,45,46]"",""[16,17,18]"",""[37,38,39,40,41,42,43,44,45,46]"",""[15,16,17,20,21,22]"",""[37,38,39,40,41,42,43,44,45,46]"",""[16,17,18]"",""[37,38,39,40,41,42,43,44,45,46]"",[],[],[]"
"Putri Amalia Zahra,putri.amalia.zahra118@Gmail.com,Freelancer Desain - ,""[0,39,40,41,42,43,44,45,46,47]"",""[15,16,17]"",""[0,39,40,41,42,43,44,45,46,47]"",""[25,26,27]"",[],""[26,27,28,29,30,31,32,33]"",""[0,39,40,41,42,43,44,45,46,47]"",""[30,31,32,33]"",[],[],""[0,39,40,41,42,43,44,45,46,47]"",[],""[0,39,40,41,42,43,44,45,46,47]"",[]"
"Rafi Alfarizi Hakim,rafi.alfarizi.hakim119@Gmail.com,Driver Online - ,[],""[19,20,21,22,23,29,30,31,32]"",""[34,35,36,37,38,39,40,41,42,43]"",""[30,31,32,33]"",""[34,35,36,37,38,39,40,41,42,43]"",""[24,25,26,27]"",""[34,35,36,37,38,39,40,41,42,43]"",""[20,21,22,29,30,31,32]"",""[34,35,36,37,38,39,40,41,42,43]"",""[15,16,17,19,20,21,22,23]"",""[34,35,36,37,38,39,40,41,42,43]"",[],[],[]"
"Rania Khairunnisa,rania.khairunnisa120@Gmail.com,Crew Cafe  ,[],""[28,29,30]"",""[0,1,2,3,4,41,42,43,44,45,46,47]"",""[15,16,17,25,26,27]"",""[0,1,2,3,4,41,42,43,44,45,46,47]"",""[26,27,28,29]"",""[0,1,2,3,4,41,42,43,44,45,46,47]"",""[31,32,33,34]"",[],""[18,19,20,21,24,25,26,27]"",""[0,1,2,3,4,41,42,43,44,45,46,47]"",[],""[0,1,2,3,4,41,42,43,44,45,46,47]"",[]"
"Rizky Ardiansyah,rizky.ardiansyah121@Gmail.com,Freelancer Desain - ,""[0,1,2,3,40,41,42,43,44,45,46,47]"",""[18,19,20,21,25,26,27]"",""[0,1,2,3,40,41,42,43,44,45,46,47]"",""[15,16,17]"",""[0,1,2,3,40,41,42,43,44,45,46,47]"",""[28,29,30]"",[],""[14,15,16,29,30,31,32]"",""[0,1,2,3,40,41,42,43,44,45,46,47]"",""[26,27,28,29,30,31,32,33]"",""[0,1,2,3,40,41,42,43,44,45,46,47]"",[],[],[]"
"Salsa Nurhaliza,salsa.nurhaliza122@Gmail.com,Waiter  ,""[37,38,39,40,41,42,43,44,45]"",""[16,17,18,22,23,24,25]"",""[37,38,39,40,41,42,43,44,45]"",""[25,26,27]"",[],""[25,26,27]"",""[37,38,39,40,41,42,43,44,45]"",""[14,15,16,24,25,26,27]"",""[37,38,39,40,41,42,43,44,45]"",""[24,25,26,27]"",[],[],""[37,38,39,40,41,42,43,44,45]"",[]"
"Tegar Prakoso Wijaya,tegar.prakoso.wijaya123@Gmail.com,Barista  ,""[33,34,35,36,37,38,39,40,41,42]"",""[18,19,20,21]"",""[33,34,35,36,37,38,39,40,41,42]"",""[18,19,20,21]"",""[33,34,35,36,37,38,39,40,41,42]"",""[14,15,16,25,26,27]"",""[33,34,35,36,37,38,39,40,41,42]"",""[20,21,22,29,30,31,32]"",[],""[14,15,16,31,32,33,34]"",""[33,34,35,36,37,38,39,40,41,42]"",[],[],[]"
"Vina Aprillia Sari,vina.aprillia.sari124@Gmail.com,Kurir  ,""[0,1,2,3,4,5,6,43,44,45,46,47]"",""[22,23,24,25]"",[],""[16,17,18]"",""[0,1,2,3,4,5,6,43,44,45,46,47]"",""[15,16,17]"",[],""[18,19,20,21]"",""[0,1,2,3,4,5,6,43,44,45,46,47]"",""[19,20,21,22,23,25,26,27,30,31,32,33]"",""[0,1,2,3,4,5,6,43,44,45,46,47]"",[],""[0,1,2,3,4,5,6,43,44,45,46,47]"",[]"
"Yusuf Maulana Ibrahim,yusuf.maulana.ibrahim125@Gmail.com,Tutor Les  ,""[0,1,2,3,4,5,6,43,44,45,46,47]"",""[18,19,20,21,29,30,31,32]"",[],""[15,16,17,19,20,21,22,23]"",""[0,1,2,3,4,5,6,43,44,45,46,47]"",""[14,15,16,18,19,20,21,25,26,27]"",[],""[15,16,17]"",""[0,1,2,3,4,5,6,43,44,45,46,47]"",""[15,16,17]"",""[0,1,2,3,4,5,6,43,44,45,46,47]"",[],""[0,1,2,3,4,5,6,43,44,45,46,47]"",[]"
"Zahra Aulia Rahma,zahra.aulia.rahma126@Gmail.com,Waiter  ,[],""[19,20,21,22,23]"",""[25,26,27,28,29,30,31,32,33,34]"",[],[],""[26,27,28,29,30,31,32,33]"",""[25,26,27,28,29,30,31,32,33,34]"",""[15,16,17,18,19,20,21]"",""[25,26,27,28,29,30,31,32,33,34]"",""[18,19,20,21]"",""[25,26,27,28,29,30,31,32,33,34]"",""[15,16,17,20,21,22]"",""[25,26,27,28,29,30,31,32,33,34]"",[]"
"Ardi Nugraha Putra,ardi.nugraha.putra127@Gmail.com,Barista  ,""[4,5,6,7,8,9,10,11,12,13,14,15]"",""[16,17,18]"",[],""[15,16,17,24,25,26,27]"",[],[],""[4,5,6,7,8,9,10,11,12,13,14,15]"",""[24,25,26,27,28,29,30]"",""[4,5,6,7,8,9,10,11,12,13,14,15]"",""[16,17,18,24,25,26,27]"",""[4,5,6,7,8,9,10,11,12,13,14,15]"",[],""[4,5,6,7,8,9,10,11,12,13,14,15]"",[]"
"Bella Maharani Sari,bella.maharani.sari128@Gmail.com,Admin Toko  ,""[15,16,17,18,19,20,21,22,23,24]"",""[28,29,30]"",""[15,16,17,18,19,20,21,22,23,24]"",[],[],""[19,20,21,22,23,28,29,30]"",[],""[25,26,27]"",""[15,16,17,18,19,20,21,22,23,24]"",""[31,32,33,34]"",""[15,16,17,18,19,20,21,22,23,24]"",[],""[15,16,17,18,19,20,21,22,23,24]"",[]"
"Cahya Rizki Prabowo,cahya.rizki.prabowo129@Gmail.com,Tutor Les  ,""[0,1,2,3,4,5,6,7,8,45,46,47]"",""[19,20,21,22,23,28,29,30]"",""[0,1,2,3,4,5,6,7,8,45,46,47]"",""[14,15,16,26,27,28,29]"",""[0,1,2,3,4,5,6,7,8,45,46,47]"",""[16,17,18,30,31,32,33]"",""[0,1,2,3,4,5,6,7,8,45,46,47]"",""[16,17,18,20,21,22,24,25,26,27]"",""[0,1,2,3,4,5,6,7,8,45,46,47]"",""[19,20,21,22,23]"",[],[],[],[]"
"Dian Puspita Ningrum,dian.puspita.ningrum130@Gmail.com,Freelancer Desain - ,[],""[19,20,21,22,23,24,25,26,27]"",[],""[16,17,18,24,25,26,27]"",""[18,19,20,21,22,23,24,25,26,27,28,29]"",""[14,15,16,30,31,32,33]"",""[18,19,20,21,22,23,24,25,26,27,28,29]"",""[14,15,16]"",""[18,19,20,21,22,23,24,25,26,27,28,29]"",""[14,15,16,31,32,33,34]"",""[18,19,20,21,22,23,24,25,26,27,28,29]"",[],""[18,19,20,21,22,23,24,25,26,27,28,29]"",[]"
"Farhan Akbar Saputra,farhan.akbar.saputra131@Gmail.com,Waiter  ,""[38,39,40,41,42,43,44,45,46,47]"",""[16,17,18]"",[],""[30,31,32,33]"",""[38,39,40,41,42,43,44,45,46,47]"",""[22,23,24,25,28,29,30]"",""[38,39,40,41,42,43,44,45,46,47]"",[],[],""[16,17,18,24,25,26,27]"",""[38,39,40,41,42,43,44,45,46,47]"",""[14,15,16,19,20,21,22,23]"",""[38,39,40,41,42,43,44,45,46,47]"",[]"
"Hana Syafira Lestari,hana.syafira.lestari132@Gmail.com,Admin Toko  ,""[37,38,39,40,41,42,43,44,45,46]"",""[14,15,16]"",[],""[24,25,26,27,31,32,33,34]"",""[37,38,39,40,41,42,43,44,45,46]"",[],""[37,38,39,40,41,42,43,44,45,46]"",""[24,25,26,27,29,30,31,32]"",[],""[15,16,17,19,20,21,22,23]"",""[37,38,39,40,41,42,43,44,45,46]"",""[15,16,17,25,26,27,28,29,30]"",""[37,38,39,40,41,42,43,44,45,46]"",[]"
"Ilham Dwi Prasetyo,ilham.dwi.prasetyo133@Gmail.com,Admin Toko  ,[],""[25,26,27,28,29,30]"",[],""[19,20,21,22,23]"",""[17,18,19,20,21,22,23,24,25,26,27,28]"",""[30,31,32,33]"",""[17,18,19,20,21,22,23,24,25,26,27,28]"",[],""[17,18,19,20,21,22,23,24,25,26,27,28]"",""[30,31,32,33]"",""[17,18,19,20,21,22,23,24,25,26,27,28]"",[],""[17,18,19,20,21,22,23,24,25,26,27,28]"",[]"
"Kania Maharani Putri,kania.maharani.putri134@Gmail.com,Asisten Lab  ,[],""[16,17,18,22,23,24,25]"",[],""[24,25,26,27,28,29,30]"",""[18,19,20,21,22,23,24,25,26,27,28,29]"",""[14,15,16,30,31,32,33]"",""[18,19,20,21,22,23,24,25,26,27,28,29]"",""[14,15,16]"",""[18,19,20,21,22,23,24,25,26,27,28,29]"",""[14,15,16]"",""[18,19,20,21,22,23,24,25,26,27,28,29]"",""[14,15,16]"",""[18,19,20,21,22,23,24,25,26,27,28,29]"",[]"
"Lukman Hakim Fadli,lukman.hakim.fadli135@Gmail.com,Asisten Lab  ,""[37,38,39,40,41,42,43,44,45,46]"",""[22,23,24,25,26,27,28,29]"",[],""[26,27,28,29]"",""[37,38,39,40,41,42,43,44,45,46]"",""[15,16,17,26,27,28,29]"",""[37,38,39,40,41,42,43,44,45,46]"",""[18,19,20,21,24,25,26,27]"",[],""[24,25,26,27,31,32,33,34]"",""[37,38,39,40,41,42,43,44,45,46]"",[],""[37,38,39,40,41,42,43,44,45,46]"",[]"
"Maya Ayu Wulandari,maya.ayu.wulandari136@Gmail.com,Kurir  ,""[36,37,38,39,40,41,42,43,44,45]"",""[18,19,20,21,25,26,27]"",[],""[19,20,21,22,23,26,27,28,29]"",""[36,37,38,39,40,41,42,43,44,45]"",""[25,26,27,30,31,32,33]"",""[36,37,38,39,40,41,42,43,44,45]"",""[20,21,22,28,29,30]"",[],""[18,19,20,21,31,32,33,34]"",""[36,37,38,39,40,41,42,43,44,45]"",[],""[36,37,38,39,40,41,42,43,44,45]"",[]"
"Nanda Bagus Setiawan,nanda.bagus.setiawan137@Gmail.com,Kasir  ,""[2,3,4,5,6,7,8,9,10,11,12,13]"",[],""[2,3,4,5,6,7,8,9,10,11,12,13]"",""[16,17,18,25,26,27]"",""[2,3,4,5,6,7,8,9,10,11,12,13]"",""[22,23,24,25,30,31,32,33]"",""[2,3,4,5,6,7,8,9,10,11,12,13]"",""[16,17,18]"",[],""[24,25,26,27]"",[],[],""[2,3,4,5,6,7,8,9,10,11,12,13]"",[]"
"Oktavia Rahma Putri,oktavia.rahma.putri138@Gmail.com,Waiter  ,""[37,38,39,40,41,42,43,44,45,46]"",""[29,30,31,32]"",[],""[18,19,20,21,26,27,28,29]"",""[37,38,39,40,41,42,43,44,45,46]"",""[14,15,16,18,19,20,21,24,25,26,27]"",""[37,38,39,40,41,42,43,44,45,46]"",""[19,20,21,22,23]"",""[37,38,39,40,41,42,43,44,45,46]"",""[14,15,16,24,25,26,27]"",""[37,38,39,40,41,42,43,44,45,46]"",[],[],[]"
"Prasetyo Budi Santoso,prasetyo.budi.santoso139@Gmail.com,Driver Online - ,[],[],""[34,35,36,37,38,39,40,41,42,43]"",""[16,17,18,26,27,28,29]"",""[34,35,36,37,38,39,40,41,42,43]"",""[18,19,20,21]"",""[34,35,36,37,38,39,40,41,42,43]"",""[14,15,16,20,21,22,29,30,31,32]"",""[34,35,36,37,38,39,40,41,42,43]"",""[20,21,22,26,27,28,29]"",""[34,35,36,37,38,39,40,41,42,43]"",[],[],[]"
"Qonita Zahra Amani,qonita.zahra.amani140@Gmail.com,Crew Cafe  ,""[0,1,2,39,40,41,42,43,44,45,46,47]"",""[19,20,21,22,23,25,26,27,29,30,31,32]"",""[0,1,2,39,40,41,42,43,44,45,46,47]"",[],""[0,1,2,39,40,41,42,43,44,45,46,47]"",""[24,25,26,27,31,32,33,34]"",[],""[14,15,16,28,29,30]"",""[0,1,2,39,40,41,42,43,44,45,46,47]"",""[15,16,17,22,23,24,25]"",""[0,1,2,39,40,41,42,43,44,45,46,47]"",[],[],[]"
"Raka Dwi Firmansyah,raka.dwi.firmansyah141@Gmail.com,Admin Toko  ,""[0,1,2,3,40,41,42,43,44,45,46,47]"",""[16,17,18,30,31,32,33]"",""[0,1,2,3,40,41,42,43,44,45,46,47]"",[],""[0,1,2,3,40,41,42,43,44,45,46,47]"",""[15,16,17]"",[],""[14,15,16,20,21,22]"",""[0,1,2,3,40,41,42,43,44,45,46,47]"",""[30,31,32,33]"",""[0,1,2,3,40,41,42,43,44,45,46,47]"",[],[],[]"
"Sabrina Anindya Putri,sabrina.anindya.putri142@Gmail.com,Tutor Les  ,[],[],""[0,1,2,3,4,41,42,43,44,45,46,47]"",""[20,21,22,30,31,32,33]"",""[0,1,2,3,4,41,42,43,44,45,46,47]"",""[29,30,31,32]"",""[0,1,2,3,4,41,42,43,44,45,46,47]"",""[25,26,27]"",[],""[15,16,17,22,23,24,25,26,27,28,29]"",""[0,1,2,3,4,41,42,43,44,45,46,47]"",[],""[0,1,2,3,4,41,42,43,44,45,46,47]"",[]"
"Taufik Hidayatullah,taufik.hidayatullah143@Gmail.com,Kurir  ,""[37,38,39,40,41,42,43,44,45,46]"",""[18,19,20,21,28,29,30]"",[],""[19,20,21,22,23]"",""[37,38,39,40,41,42,43,44,45,46]"",""[14,15,16,18,19,20,21,25,26,27]"",""[37,38,39,40,41,42,43,44,45,46]"",""[15,16,17,30,31,32,33]"",""[37,38,39,40,41,42,43,44,45,46]"",""[16,17,18,19,20,21,22,23]"",""[37,38,39,40,41,42,43,44,45,46]"",[],[],[]"
"Ulfa Nur Aini,ulfa.nur.aini144@Gmail.com,Driver Online - ,""[0,1,2,3,40,41,42,43,44,45,46,47]"",""[24,25,26,27,29,30,31,32]"",""[0,1,2,3,40,41,42,43,44,45,46,47]"",""[26,27,28,29]"",""[0,1,2,3,40,41,42,43,44,45,46,47]"",""[16,17,18]"",[],""[30,31,32,33]"",""[0,1,2,3,40,41,42,43,44,45,46,47]"",""[14,15,16,24,25,26,27,28,29,30]"",""[0,1,2,3,40,41,42,43,44,45,46,47]"",[],[],[]"
"Wahyu Adi Nugroho,wahyu.adi.nugroho145@Gmail.com,Admin Toko  ,""[32,33,34,35,36,37,38,39,40,41]"",""[20,21,22,25,26,27]"",""[32,33,34,35,36,37,38,39,40,41]"",""[14,15,16]"",""[32,33,34,35,36,37,38,39,40,41]"",""[25,26,27]"",""[32,33,34,35,36,37,38,39,40,41]"",[],[],""[20,21,22]"",""[32,33,34,35,36,37,38,39,40,41]"",""[14,15,16,19,20,21,22,23]"",[],[]"
"Yulia Kartika Sari,yulia.kartika.sari146@Gmail.com,Waiter  ,""[31,32,33,34,35,36,37,38,39,40]"",""[22,23,24,25]"",""[31,32,33,34,35,36,37,38,39,40]"",""[14,15,16]"",""[31,32,33,34,35,36,37,38,39,40]"",""[19,20,21,22,23]"",""[31,32,33,34,35,36,37,38,39,40]"",""[18,19,20,21]"",[],""[29,30,31,32]"",""[31,32,33,34,35,36,37,38,39,40]"",[],[],[]"
"Zidan Maulana Akbar,zidan.maulana.akbar147@Gmail.com,Driver Online - ,""[17,18,19,20,21,22,23,24,25,26]"",""[29,30,31,32]"",""[17,18,19,20,21,22,23,24,25,26]"",""[14,15,16,31,32,33,34]"",[],""[26,27,28,29,31,32,33,34]"",[],""[16,17,18,28,29,30]"",""[17,18,19,20,21,22,23,24,25,26]"",""[28,29,30]"",""[17,18,19,20,21,22,23,24,25,26]"",[],""[17,18,19,20,21,22,23,24,25,26]"",[]"
"Aldo Reyhan Pranata,aldo.reyhan.pranata148@Gmail.com,Crew Cafe  ,""[30,31,32,33,34,35,36,37,38,39]"",""[22,23,24,25]"",""[30,31,32,33,34,35,36,37,38,39]"",""[22,23,24,25]"",""[30,31,32,33,34,35,36,37,38,39]"",""[15,16,17]"",""[30,31,32,33,34,35,36,37,38,39]"",""[15,16,17]"",""[30,31,32,33,34,35,36,37,38,39]"",""[25,26,27]"",""[30,31,32,33,34,35,36,37,38,39]"",[],[],[]"
"Anisa Putri Maharani,anisa.putri.maharani149@Gmail.com,Freelancer Desain - ,""[5,6,7,8,9,10,11,12,13,14,15,16]"",[],[],""[25,26,27,30,31,32,33]"",[],""[15,16,17,28,29,30]"",""[5,6,7,8,9,10,11,12,13,14,15,16]"",""[22,23,24,25]"",""[5,6,7,8,9,10,11,12,13,14,15,16]"",""[22,23,24,25,30,31,32,33]"",""[5,6,7,8,9,10,11,12,13,14,15,16]"",[],""[5,6,7,8,9,10,11,12,13,14,15,16]"",[]"
"Bagus Setyo Pamungkas,bagus.setyo.pamungkas150@Gmail.com,Content Creator Freelance - ,""[4,5,6,7,8,9,10,11,12,13,14,15]"",""[16,17,18,30,31,32,33]"",[],[],[],""[15,16,17,22,23,24,25]"",""[4,5,6,7,8,9,10,11,12,13,14,15]"",""[20,21,22,26,27,28,29]"",""[4,5,6,7,8,9,10,11,12,13,14,15]"",""[18,19,20,21,24,25,26,27]"",""[4,5,6,7,8,9,10,11,12,13,14,15]"",[],""[4,5,6,7,8,9,10,11,12,13,14,15]"",[]"
"Dinda Safitri Rahma,dinda.safitri.rahma151@Gmail.com,Barista  ,""[4,5,6,7,8,9,10,11,12,13,14,15]"",""[16,17,18]"",[],""[15,16,17,22,23,24,25,26,27,28,29]"",[],""[30,31,32,33]"",""[4,5,6,7,8,9,10,11,12,13,14,15]"",""[22,23,24,25]"",""[4,5,6,7,8,9,10,11,12,13,14,15]"",""[19,20,21,22,23,24,25,26,27]"",""[4,5,6,7,8,9,10,11,12,13,14,15]"",[],""[4,5,6,7,8,9,10,11,12,13,14,15]"",[]"
"Erwin Saputra Pradana,erwin.saputra.pradana152@Gmail.com,Driver Online - ,""[38,39,40,41,42,43,44,45,46,47]"",""[15,16,17,18,19,20,21,22,23,24,25]"",[],""[16,17,18,24,25,26,27,29,30,31,32]"",""[38,39,40,41,42,43,44,45,46,47]"",""[14,15,16,20,21,22,31,32,33,34]"",""[38,39,40,41,42,43,44,45,46,47]"",""[15,16,17,20,21,22,30,31,32,33]"",[],""[22,23,24,25]"",""[38,39,40,41,42,43,44,45,46,47]"",[],""[38,39,40,41,42,43,44,45,46,47]"",[]"
"Fikri Alamsyah Putra,fikri.alamsyah.putra153@Gmail.com,Freelancer Desain - ,""[0,1,2,3,4,5,6,7,8,9,10,11]"",""[24,25,26,27,30,31,32,33]"",""[0,1,2,3,4,5,6,7,8,9,10,11]"",[],""[0,1,2,3,4,5,6,7,8,9,10,11]"",""[18,19,20,21]"",""[0,1,2,3,4,5,6,7,8,9,10,11]"",""[24,25,26,27]"",""[0,1,2,3,4,5,6,7,8,9,10,11]"",""[15,16,17,26,27,28,29]"",[],[],[],[]"
"Gita Anggraini Lestari,gita.anggraini.lestari154@Gmail.com,Waiter  ,""[0,1,2,3,4,5,6,7,8,9,10,11]"",""[16,17,18,24,25,26,27]"",""[0,1,2,3,4,5,6,7,8,9,10,11]"",""[22,23,24,25]"",""[0,1,2,3,4,5,6,7,8,9,10,11]"",""[15,16,17,30,31,32,33]"",""[0,1,2,3,4,5,6,7,8,9,10,11]"",""[18,19,20,21]"",[],""[22,23,24,25]"",[],[],""[0,1,2,3,4,5,6,7,8,9,10,11]"",[]"
"Hendra Kurniawan,hendra.kurniawan155@Gmail.com,Operator Fotokopi - ,""[0,1,2,3,4,5,6,7,44,45,46,47]"",""[18,19,20,21,26,27,28,29]"",""[0,1,2,3,4,5,6,7,44,45,46,47]"",""[16,17,18,19,20,21,22,23,26,27,28,29]"",""[0,1,2,3,4,5,6,7,44,45,46,47]"",""[15,16,17,22,23,24,25]"",""[0,1,2,3,4,5,6,7,44,45,46,47]"",[],""[0,1,2,3,4,5,6,7,44,45,46,47]"",""[20,21,22,24,25,26,27]"",[],""[24,25,26,27,30,31,32,33]"",[],[]"
"Ira Puspita Dewi,ira.puspita.dewi156@Gmail.com,Crew Cafe  ,""[1,2,3,4,5,6,7,8,9,10,11,12]"",""[29,30,31,32]"",""[1,2,3,4,5,6,7,8,9,10,11,12]"",""[26,27,28,29]"",""[1,2,3,4,5,6,7,8,9,10,11,12]"",""[24,25,26,27,30,31,32,33]"",""[1,2,3,4,5,6,7,8,9,10,11,12]"",""[18,19,20,21,28,29,30]"",""[1,2,3,4,5,6,7,8,9,10,11,12]"",""[22,23,24,25,28,29,30]"",[],[],[],[]"
"Joko Dwi Santoso,joko.dwi.santoso157@Gmail.com,Tutor Les  ,""[0,39,40,41,42,43,44,45,46,47]"",""[16,17,18,25,26,27]"",""[0,39,40,41,42,43,44,45,46,47]"",""[25,26,27,31,32,33,34]"",[],""[14,15,16,19,20,21,22,23,31,32,33,34]"",""[0,39,40,41,42,43,44,45,46,47]"",""[26,27,28,29]"",[],""[31,32,33,34]"",""[0,39,40,41,42,43,44,45,46,47]"",[],""[0,39,40,41,42,43,44,45,46,47]"",[]"
"Kartika Putri Ananda,kartika.putri.ananda158@Gmail.com,Content Creator Freelance - ,""[1,2,3,4,5,6,7,8,9,10,11,12]"",""[19,20,21,22,23,30,31,32,33]"",""[1,2,3,4,5,6,7,8,9,10,11,12]"",""[14,15,16,26,27,28,29]"",""[1,2,3,4,5,6,7,8,9,10,11,12]"",""[19,20,21,22,23]"",""[1,2,3,4,5,6,7,8,9,10,11,12]"",""[31,32,33,34]"",[],""[15,16,17,24,25,26,27]"",[],[],""[1,2,3,4,5,6,7,8,9,10,11,12]"",[]"
