Nama,Kerja_Senin,Kuliah_Senin,Tidur_Senin,Kerja_Selasa,Kuliah_Selasa,Tidur_Selasa,Kerja_Rabu,Kuliah_Rabu,Tidur_Rabu,Kerja_Kamis,Kuliah_Kamis,Tidur_Kamis,Kerja_Jumat,Kuliah_Jumat,Tidur_Jumat,Kerja_Sabtu,Kuliah_Sabtu,Tidur_Sabtu,Kerja_Minggu,Kuliah_Minggu,Tidur_Minggu
Subjek_001,"[15, 16, 17, 18, 19, 20, 21, 22, 23, 24]","[28, 29, 30]","[0, 1, 2, 3, 4, 5, 6, 7, 8, 9, 10, 46, 47]","[15, 16, 17, 18, 19, 20, 21, 22, 23, 24]",[],"[0, 1, 2, 3, 4, 5, 6, 7, 8, 9, 10, 46, 47]",[],"[19, 20, 21, 22, 23, 28, 29, 30]","[0, 1, 2, 3, 4, 5, 6, 7, 8, 9, 10, 46, 47]",[],"[25, 26, 27]","[0, 1, 2, 3, 4, 5, 6, 7, 8, 9, 10, 46, 47]","[15, 16, 17, 18, 19, 20, 21, 22, 23, 24]","[31, 32, 33, 34]","[0, 1, 2, 3, 4, 5, 6, 7, 8, 9, 10, 46, 47]","[15, 16, 17, 18, 19, 20, 21, 22, 23, 24]",[],"[0, 1, 2, 3, 4, 5, 6, 7, 8, 9, 10, 46, 47]","[15, 16, 17, 18, 19, 20, 21, 22, 23, 24]",[],"[0, 1, 2, 3, 4, 5, 6, 7, 8, 9, 10, 46, 47]"
Subjek_002,"[0, 1, 2, 3, 4, 5, 6, 7, 8, 45, 46, 47]","[19, 20, 21, 22, 23, 28, 29, 30]","[31, 32, 33, 34, 35, 36, 37, 38, 39, 40, 41, 42, 43]","[0, 1, 2, 3, 4, 5, 6, 7, 8, 45, 46, 47]","[14, 15, 16, 26, 27, 28, 29]","[30, 31, 32, 33, 34, 35, 36, 37, 38, 39, 40, 41, 42]","[0, 1, 2, 3, 4, 5, 6, 7, 8, 45, 46, 47]","[16, 17, 18, 30, 31, 32, 33]","[9, 10, 11, 12, 13, 14, 15, 19, 40, 41, 42, 43, 44]","[0, 1, 2, 3, 4, 5, 6, 7, 8, 45, 46, 47]","[16, 17, 18, 20, 21, 22, 24, 25, 26, 27]","[28, 29, 30, 31, 32, 33, 34, 35, 36, 37, 38, 39, 40]","[0, 1, 2, 3, 4, 5, 6, 7, 8, 45, 46, 47]","[19, 20, 21, 22, 23]","[24, 25, 26, 27, 28, 29, 30, 31, 32, 33, 34, 35, 36]",[],[],"[0, 1, 2, 3, 4, 5, 6, 7, 8, 9, 10, 46, 47]",[],[],"[0, 1, 2, 3, 4, 5, 6, 7, 8, 9, 10, 46, 47]"
Subjek_003,[],"[19, 20, 21, 22, 23, 24, 25, 26, 27]","[0, 1, 2, 3, 4, 5, 6, 7, 8, 9, 10, 46, 47]",[],"[16, 17, 18, 24, 25, 26, 27]","[0, 1, 2, 3, 4, 5, 6, 7, 8, 9, 10, 46, 47]","[18, 19, 20, 21, 22, 23, 24, 25, 26, 27, 28, 29]","[14, 15, 16, 30, 31, 32, 33]","[0, 1, 2, 3, 4, 5, 6, 7, 8, 9, 10, 46, 47]","[18, 19, 20, 21, 22, 23, 24, 25, 26, 27, 28, 29]","[14, 15, 16]","[0, 1, 2, 3, 4, 5, 6, 7, 8, 9, 10, 46, 47]","[18, 19, 20, 21, 22, 23, 24, 25, 26, 27, 28, 29]","[14, 15, 16, 31, 32, 33, 34]","[0, 1, 2, 3, 4, 5, 6, 7, 8, 9, 10, 46, 47]","[18, 19, 20, 21, 22, 23, 24, 25, 26, 27, 28, 29]",[],"[0, 1, 2, 3, 4, 5, 6, 7, 8, 9, 10, 46, 47]","[18, 19, 20, 21, 22, 23, 24, 25, 26, 27, 28, 29]",[],"[0, 1, 2, 3, 4, 5, 6, 7, 8, 9, 10, 46, 47]"
Subjek_004,"[0, 1, 2, 3, 4, 5, 6, 7, 8, 9, 10, 11]","[14, 15, 16, 17, 26, 27, 28, 29]","[30, 31, 32, 33, 34, 35, 36, 37, 38, 39, 40, 41, 42]","[0, 1, 2, 3, 4, 5, 6, 7, 8, 9, 10, 11]","[24, 25, 26, 27, 29, 30, 31, 32]","[33, 34, 35, 36, 37, 38, 39, 40, 41, 42, 43, 44, 45]","[0, 1, 2, 3, 4, 5, 6, 7, 8, 9, 10, 11]","[19, 20, 21, 22, 23, 29, 30, 31, 32]","[33, 34, 35, 36, 37, 38, 39, 40, 41, 42, 43, 44, 45]","[0, 1, 2, 3, 4, 5, 6, 7, 8, 9, 10, 11]","[19, 20, 21, 22, 23, 24, 25, 26, 27]","[28, 29, 30, 31, 32, 33, 34, 35, 36, 37, 38, 39, 40]","[0, 1, 2, 3, 4, 5, 6, 7, 8, 9, 10, 11]","[19, 20, 21, 22, 26, 27, 28, 29, 31, 32, 33, 34]","[35, 36, 37, 38, 39, 40, 41, 42, 43, 44, 45, 46, 47]",[],[],"[0, 1, 2, 3, 4, 5, 6, 7, 8, 9, 10, 46, 47]","[0, 1, 2, 3, 4, 5, 6, 7, 8, 9, 10, 11]",[],"[12, 13, 14, 15, 16, 17, 18, 19, 20, 21, 22, 23, 24]"
Subjek_005,[],"[25, 26, 27, 31, 32, 33, 34]","[0, 1, 2, 3, 4, 5, 6, 7, 8, 9, 10, 46, 47]","[34, 35, 36, 37, 38, 39, 40, 41, 42, 43]","[24, 25, 26, 27]","[0, 1, 2, 3, 4, 5, 6, 7, 8, 9, 10, 46, 47]","[34, 35, 36, 37, 38, 39, 40, 41, 42, 43]","[24, 25, 26, 27, 29, 30, 31, 32]","[0, 1, 2, 3, 4, 5, 6, 7, 8, 9, 10, 46, 47]","[34, 35, 36, 37, 38, 39, 40, 41, 42, 43]","[20, 21, 22, 28, 29, 30]","[0, 1, 2, 3, 4, 5, 6, 7, 8, 9, 10, 46, 47]","[34, 35, 36, 37, 38, 39, 40, 41, 42, 43]","[18, 19, 20, 21, 29, 30, 31, 32]","[0, 1, 2, 3, 4, 5, 6, 7, 8, 9, 10, 46, 47]","[34, 35, 36, 37, 38, 39, 40, 41, 42, 43]",[],"[0, 1, 2, 3, 4, 5, 6, 7, 8, 9, 10, 46, 47]",[],[],"[0, 1, 2, 3, 4, 5, 6, 7, 8, 9, 10, 46, 47]"
Subjek_006,"[36, 37, 38, 39, 40, 41, 42, 43, 44, 45]","[22, 23, 24, 25, 30, 31, 32, 33]","[0, 1, 2, 3, 4, 5, 6, 7, 8, 9, 10, 46, 47]",[],"[14, 15, 16, 26, 27, 28, 29, 31, 32, 33, 34]","[0, 1, 2, 3, 4, 5, 6, 7, 8, 9, 10, 46, 47]","[36, 37, 38, 39, 40, 41, 42, 43, 44, 45]",[],"[0, 1, 2, 3, 4, 5, 6, 7, 8, 9, 10, 46, 47]","[36, 37, 38, 39, 40, 41, 42, 43, 44, 45]","[28, 29, 30, 31, 32, 33, 34]","[0, 1, 2, 3, 4, 5, 6, 7, 8, 9, 10, 46, 47]","[36, 37, 38, 39, 40, 41, 42, 43, 44, 45]","[15, 16, 17, 28, 29, 30]","[0, 1, 2, 3, 4, 5, 6, 7, 8, 9, 10, 46, 47]","[36, 37, 38, 39, 40, 41, 42, 43, 44, 45]","[30, 31, 32, 33]","[0, 1, 2, 3, 4, 5, 6, 7, 8, 9, 10, 46, 47]",[],[],"[0, 1, 2, 3, 4, 5, 6, 7, 8, 9, 10, 46, 47]"
Subjek_007,[],"[15, 16, 17, 30, 31, 32, 33]","[0, 1, 2, 3, 4, 5, 6, 7, 8, 9, 10, 46, 47]","[0, 1, 2, 3, 4, 5, 42, 43, 44, 45, 46, 47]","[19, 20, 21, 22, 23, 24, 25, 26, 27]","[6, 7, 8, 9, 10, 11, 12, 13, 14, 15, 16, 17, 18]","[0, 1, 2, 3, 4, 5, 42, 43, 44, 45, 46, 47]","[14, 15, 16, 20, 21, 22]","[23, 24, 25, 26, 27, 28, 29, 30, 31, 32, 33, 34, 35]","[0, 1, 2, 3, 4, 5, 42, 43, 44, 45, 46, 47]","[14, 15, 16, 28, 29, 30]","[6, 7, 8, 9, 10, 11, 12, 13, 17, 18, 19, 40, 41]",[],"[15, 16, 17]","[0, 1, 2, 3, 4, 5, 6, 7, 8, 9, 10, 46, 47]","[0, 1, 2, 3, 4, 5, 42, 43, 44, 45, 46, 47]",[],"[6, 7, 8, 9, 10, 11, 12, 13, 14, 15, 16, 17, 18]","[0, 1, 2, 3, 4, 5, 42, 43, 44, 45, 46, 47]",[],"[6, 7, 8, 9, 10, 11, 12, 13, 14, 15, 16, 17, 18]"
Subjek_008,"[38, 39, 40, 41, 42, 43, 44, 45, 46]","[19, 20, 21, 22, 23, 31, 32, 33, 34]","[0, 1, 2, 3, 4, 5, 6, 7, 8, 9, 10, 11, 47]","[38, 39, 40, 41, 42, 43, 44, 45, 46]","[15, 16, 17]","[0, 1, 2, 3, 4, 5, 6, 7, 8, 9, 10, 11, 47]",[],[],"[0, 1, 2, 3, 4, 5, 6, 7, 8, 9, 10, 46, 47]","[38, 39, 40, 41, 42, 43, 44, 45, 46]","[25, 26, 27]","[0, 1, 2, 3, 4, 5, 6, 7, 8, 9, 10, 11, 47]","[38, 39, 40, 41, 42, 43, 44, 45, 46]","[29, 30, 31, 32]","[0, 1, 2, 3, 4, 5, 6, 7, 8, 9, 10, 11, 47]",[],"[28, 29, 30]","[0, 1, 2, 3, 4, 5, 6, 7, 8, 9, 10, 46, 47]","[38, 39, 40, 41, 42, 43, 44, 45, 46]",[],"[0, 1, 2, 3, 4, 5, 6, 7, 8, 9, 10, 11, 47]"
Subjek_009,[],"[16, 17, 18, 20, 21, 22]","[0, 1, 2, 3, 4, 5, 6, 7, 8, 9, 10, 46, 47]","[24, 25, 26, 27, 28, 29, 30, 31, 32, 33]","[19, 20, 21, 22, 23]","[0, 1, 2, 3, 4, 5, 6, 7, 8, 9, 10, 46, 47]",[],"[28, 29, 30, 31, 32, 33, 34]","[0, 1, 2, 3, 4, 5, 6, 7, 8, 9, 10, 46, 47]","[24, 25, 26, 27, 28, 29, 30, 31, 32, 33]","[14, 15, 16, 18, 19, 20, 21]","[0, 1, 2, 3, 4, 5, 6, 7, 8, 9, 10, 46, 47]","[24, 25, 26, 27, 28, 29, 30, 31, 32, 33]","[15, 16, 17]","[0, 1, 2, 3, 4, 5, 6, 7, 8, 9, 10, 46, 47]","[24, 25, 26, 27, 28, 29, 30, 31, 32, 33]",[],"[0, 1, 2, 3, 4, 5, 6, 7, 8, 9, 10, 46, 47]","[24, 25, 26, 27, 28, 29, 30, 31, 32, 33]",[],"[0, 1, 2, 3, 4, 5, 6, 7, 8, 9, 10, 46, 47]"
Subjek_010,"[0, 1, 2, 39, 40, 41, 42, 43, 44, 45, 46, 47]","[20, 21, 22, 28, 29, 30]","[3, 4, 5, 6, 7, 8, 9, 10, 11, 12, 13, 14, 15]","[0, 1, 2, 39, 40, 41, 42, 43, 44, 45, 46, 47]","[15, 16, 17, 19, 20, 21, 22, 23]","[24, 25, 26, 27, 28, 29, 30, 31, 32, 33, 34, 35, 36]","[0, 1, 2, 39, 40, 41, 42, 43, 44, 45, 46, 47]","[25, 26, 27, 29, 30, 31, 32]","[3, 4, 5, 6, 7, 8, 9, 10, 11, 12, 13, 14, 15]",[],"[29, 30, 31, 32]","[0, 1, 2, 3, 4, 5, 6, 7, 8, 9, 10, 46, 47]","[0, 1, 2, 39, 40, 41, 42, 43, 44, 45, 46, 47]","[22, 23, 24, 25]","[3, 4, 5, 6, 7, 8, 9, 10, 11, 12, 13, 14, 15]","[0, 1, 2, 39, 40, 41, 42, 43, 44, 45, 46, 47]",[],"[3, 4, 5, 6, 7, 8, 9, 10, 11, 12, 13, 14, 15]",[],[],"[0, 1, 2, 3, 4, 5, 6, 7, 8, 9, 10, 46, 47]"
