Timestamp,Apakah Anda bersedia berpartisipasi dan menyetujui data jadwal aktivitas Anda digunakan untuk keperluan penelitian ini?,Nama Lengkap / Inisial,Alamat Email Aktif,Jenis Pekerjaan / Profesi Saat Ini,Jadwal Jam Kerja (Senin),Jadwal Jam Kuliah (Senin),Jadwal Jam Tidur / Istirahat Utama (Senin),Jadwal Jam Kerja (Selasa),Jadwal Jam Kuliah (Selasa),Jadwal Jam Tidur / Istirahat Utama (Selasa),Jadwal Jam Kerja (Rabu),Jadwal Jam Kuliah (Rabu),Jadwal Jam Tidur / Istirahat Utama (Rabu),Jadwal Jam Kerja (Kamis),Jadwal Jam Kuliah (Kamis),Jadwal Jam Tidur / Istirahat Utama (Kamis),Jadwal Jam Kerja (Jumat),Jadwal Jam Kuliah (Jumat),Jadwal Jam Tidur / Istirahat Utama (Jumat),Jadwal Jam Kerja (Sabtu),Jadwal Jam Kuliah (Sabtu),Jadwal Jam Tidur / Istirahat Utama (Sabtu),Jadwal Jam Kerja (Minggu),Jadwal Jam Kuliah (Minggu),Jadwal Jam Tidur / Istirahat Utama (Minggu),Pernyataan Keaslian Data
07/10/2026 8:07:19,Ya,Adam Syahid Rasyidin,adamsyahid.r@gmail.com,Admin Toko,07:30 - 12:30,14:00 - 15:30,"00:00 - 05:30, 23:00 - 24:00",07:30 - 12:30,-,"00:00 - 05:30, 23:00 - 24:00",-,"09:30 - 12:00, 14:00 - 15:30","00:00 - 05:30, 23:00 - 24:00",-,12:30 - 14:00,"00:00 - 05:30, 23:00 - 24:00",07:30 - 12:30,15:30 - 17:30,"00:00 - 05:30, 23:00 - 24:00",07:30 - 12:30,-,"00:00 - 05:30, 23:00 - 24:00",07:30 - 12:30,-,"00:00 - 05:30, 23:00 - 24:00",Ya
07/10/2026 8:07:22,Ya,Adhitama Bastian Pradana,adit.bastianp@gmail.com,Freelancer Desain,"00:00 - 04:30, 22:30 - 24:00","09:30 - 12:00, 14:00 - 15:30",15:30 - 22:00,"00:00 - 04:30, 22:30 - 24:00","07:00 - 08:30, 13:00 - 15:00",15:00 - 21:30,"00:00 - 04:30, 22:30 - 24:00","08:00 - 09:30, 15:00 - 17:00","04:30 - 08:00, 09:30 - 10:00, 20:00 - 22:30","00:00 - 04:30, 22:30 - 24:00","08:00 - 09:30, 10:00 - 11:30, 12:00 - 14:00",14:00 - 20:30,"00:00 - 04:30, 22:30 - 24:00",09:30 - 12:00,12:00 - 18:30,-,-,"00:00 - 05:30, 23:00 - 24:00",-,-,"00:00 - 05:30, 23:00 - 24:00",Ya
07/10/2026 8:07:24,Ya,Zulfikar Akbar Ibrahim Alkis,zulfikar.akbar@gmail.com,Crew Cafe,-,09:30 - 14:00,"00:00 - 05:30, 23:00 - 24:00",-,"08:00 - 09:30, 12:00 - 14:00","00:00 - 05:30, 23:00 - 24:00",09:00 - 15:00,"07:00 - 08:30, 15:00 - 17:00","00:00 - 05:30, 23:00 - 24:00",09:00 - 15:00,07:00 - 08:30,"00:00 - 05:30, 23:00 - 24:00",09:00 - 15:00,"07:00 - 08:30, 15:30 - 17:30","00:00 - 05:30, 23:00 - 24:00",09:00 - 15:00,-,"00:00 - 05:30, 23:00 - 24:00",09:00 - 15:00,-,"00:00 - 05:30, 23:00 - 24:00",Ya
07/10/2026 8:07:26,Ya,Sulthan Izzadine,sulthan.izzadine@gmail.com,Barista,00:00 - 06:00,"07:00 - 09:00, 13:00 - 15:00",15:00 - 21:30,00:00 - 06:00,"12:00 - 14:00, 14:30 - 16:30",16:30 - 23:00,00:00 - 06:00,"09:30 - 12:00, 14:30 - 16:30",16:30 - 23:00,00:00 - 06:00,09:30 - 14:00,14:00 - 20:30,00:00 - 06:00,"09:30 - 11:30, 13:00 - 15:00, 15:30 - 17:30",17:30 - 24:00,-,-,"00:00 - 05:30, 23:00 - 24:00",00:00 - 06:00,-,06:00 - 12:30,Ya
07/10/2026 8:07:28,Ya,Rais Bhagaskara,rais.bhagaskara@gmail.com,Barista,-,"12:30 - 14:00, 15:30 - 17:30","00:00 - 05:30, 23:00 - 24:00",17:00 - 22:00,12:00 - 14:00,"00:00 - 05:30, 23:00 - 24:00",17:00 - 22:00,"12:00 - 14:00, 14:30 - 16:30","00:00 - 05:30, 23:00 - 24:00",17:00 - 22:00,"10:00 - 11:30, 14:00 - 15:30","00:00 - 05:30, 23:00 - 24:00",17:00 - 22:00,"09:00 - 11:00, 14:30 - 16:30","00:00 - 05:30, 23:00 - 24:00",17:00 - 22:00,-,"00:00 - 05:30, 23:00 - 24:00",-,-,"00:00 - 05:30, 23:00 - 24:00",Ya
07/10/2026 8:07:31,Ya,Bayu Nugroho,bayunugroho.id@gmail.com,Freelancer Desain / Kreatif,18:00 - 23:00,"11:00 - 13:00, 15:00 - 17:00","00:00 - 05:30, 23:00 - 24:00",-,"07:00 - 08:30, 13:00 - 15:00, 15:30 - 17:30","00:00 - 05:30, 23:00 - 24:00",18:00 - 23:00,-,"00:00 - 05:30, 23:00 - 24:00",18:00 - 23:00,14:00 - 17:30,"00:00 - 05:30, 23:00 - 24:00",18:00 - 23:00,"07:30 - 09:00, 14:00 - 15:30","00:00 - 05:30, 23:00 - 24:00",18:00 - 23:00,15:00 - 17:00,"00:00 - 05:30, 23:00 - 24:00",-,-,"00:00 - 05:30, 23:00 - 24:00",Ya
07/10/2026 8:07:33,Ya,Kelvin Zayn,kelvin.zayn@gmail.com,Barista,-,"07:30 - 09:00, 15:00 - 17:00","00:00 - 05:30, 23:00 - 24:00","00:00 - 03:00, 21:00 - 24:00",09:30 - 14:00,03:00 - 09:30,"00:00 - 03:00, 21:00 - 24:00","07:00 - 08:30, 10:00 - 11:30",11:30 - 18:00,"00:00 - 03:00, 21:00 - 24:00","07:00 - 08:30, 14:00 - 15:30","03:00 - 07:00, 08:30 - 10:00, 20:00 - 21:00",-,07:30 - 09:00,"00:00 - 05:30, 23:00 - 24:00","00:00 - 03:00, 21:00 - 24:00",-,03:00 - 09:30,"00:00 - 03:00, 21:00 - 24:00",-,03:00 - 09:30,Ya
07/10/2026 8:07:35,Ya,Muhammad Ariq Wibowo,ariq.wibowo@gmail.com,Barista,19:00 - 23:30,"09:30 - 12:00, 15:30 - 17:30","00:00 - 06:00, 23:30 - 24:00",19:00 - 23:30,07:30 - 09:00,"00:00 - 06:00, 23:30 - 24:00",-,-,"00:00 - 05:30, 23:00 - 24:00",19:00 - 23:30,12:30 - 14:00,"00:00 - 06:00, 23:30 - 24:00",19:00 - 23:30,14:30 - 16:30,"00:00 - 06:00, 23:30 - 24:00",-,14:00 - 15:30,"00:00 - 05:30, 23:00 - 24:00",19:00 - 23:30,-,"00:00 - 06:00, 23:30 - 24:00",Ya
07/10/2026 8:07:37,Ya,Visensia Gerosa,visensia.gerosa@gmail.com,Tutor Les,-,"08:00 - 09:30, 10:00 - 11:30","00:00 - 05:30, 23:00 - 24:00",12:00 - 17:00,09:30 - 12:00,"00:00 - 05:30, 23:00 - 24:00",-,14:00 - 17:30,"00:00 - 05:30, 23:00 - 24:00",12:00 - 17:00,"07:00 - 08:30, 09:00 - 11:00","00:00 - 05:30, 23:00 - 24:00",12:00 - 17:00,07:30 - 09:00,"00:00 - 05:30, 23:00 - 24:00",12:00 - 17:00,-,"00:00 - 05:30, 23:00 - 24:00",12:00 - 17:00,-,"00:00 - 05:30, 23:00 - 24:00",Ya
07/10/2026 8:07:40,Ya,Satria Sunhaji,satria.sunhaji@gmail.com,Crew Cafe / Restoran,"00:00 - 01:30, 19:30 - 24:00","10:00 - 11:30, 14:00 - 15:30",01:30 - 08:00,"00:00 - 01:30, 19:30 - 24:00","07:30 - 09:00, 09:30 - 12:00",12:00 - 18:30,"00:00 - 01:30, 19:30 - 24:00","12:30 - 14:00, 14:30 - 16:30",01:30 - 08:00,-,14:30 - 16:30,"00:00 - 05:30, 23:00 - 24:00","00:00 - 01:30, 19:30 - 24:00",11:00 - 13:00,01:30 - 08:00,"00:00 - 01:30, 19:30 - 24:00",-,01:30 - 08:00,-,-,"00:00 - 05:30, 23:00 - 24:00",Ya
07/10/2026 8:07:42,Ya,Sabrina Fadhilla,sabrina.fadhilla@gmail.com,Barista,01:30 - 07:30,"08:00 - 09:30, 14:30 - 16:30",16:30 - 23:00,-,15:30 - 17:30,"00:00 - 05:30, 23:00 - 24:00",-,"08:00 - 09:30, 11:00 - 13:00, 14:00 - 15:30","00:00 - 05:30, 23:00 - 24:00",01:30 - 07:30,-,07:30 - 14:00,01:30 - 07:30,"10:00 - 11:30, 14:30 - 16:30",16:30 - 23:00,01:30 - 07:30,-,07:30 - 14:00,01:30 - 07:30,-,07:30 - 14:00,Ya
07/10/2026 8:07:44,Ya,Haykal Aliando Usmansyah,haykal.aliando@gmail.com,Barista,16:00 - 21:00,"08:00 - 09:30, 12:00 - 15:30","00:00 - 05:30, 23:00 - 24:00",16:00 - 21:00,14:00 - 15:30,"00:00 - 05:30, 23:00 - 24:00",16:00 - 21:00,-,"00:00 - 05:30, 23:00 - 24:00",16:00 - 21:00,12:00 - 14:00,"00:00 - 05:30, 23:00 - 24:00",-,"07:00 - 08:30, 10:00 - 11:30, 12:00 - 14:00","00:00 - 05:30, 23:00 - 24:00",16:00 - 21:00,-,"00:00 - 05:30, 23:00 - 24:00",-,-,"00:00 - 05:30, 23:00 - 24:00",Ya
07/10/2026 8:07:46,Ya,Kania Ludia Ikawati,kania.ludia@gmail.com,Barista,01:00 - 07:00,15:00 - 17:00,07:00 - 13:30,-,"09:30 - 12:00, 13:00 - 17:00","00:00 - 05:30, 23:00 - 24:00",01:00 - 07:00,"09:30 - 12:00, 14:00 - 15:30",15:30 - 22:00,-,08:00 - 09:30,"00:00 - 05:30, 23:00 - 24:00",01:00 - 07:00,07:30 - 09:00,09:00 - 15:30,-,-,"00:00 - 05:30, 23:00 - 24:00",01:00 - 07:00,-,07:00 - 13:30,Ya
07/10/2026 8:07:48,Ya,Kashinta Sarah Petrina,kashinta.sarah@gmail.com,Crew Cafe / Restoran,02:00 - 08:00,"11:00 - 13:00, 14:30 - 16:30",16:30 - 23:00,-,"07:00 - 08:30, 14:30 - 16:30","00:00 - 05:30, 23:00 - 24:00",-,08:00 - 09:30,"00:00 - 05:30, 23:00 - 24:00",02:00 - 08:00,14:30 - 16:30,08:00 - 14:30,02:00 - 08:00,-,08:00 - 14:30,02:00 - 08:00,-,08:00 - 14:30,02:00 - 08:00,-,08:00 - 14:30,Ya
07/10/2026 8:07:51,Ya,Nicholas Abimanyu,nicholas.abimanyu@gmail.com,Crew Cafe / Restoran,08:00 - 13:00,15:00 - 17:00,"00:00 - 05:30, 23:00 - 24:00",08:00 - 13:00,14:00 - 17:30,"00:00 - 05:30, 23:00 - 24:00",-,"09:00 - 11:00, 12:00 - 15:30","00:00 - 05:30, 23:00 - 24:00",-,"07:30 - 09:00, 11:00 - 13:00","00:00 - 05:30, 23:00 - 24:00",08:00 - 13:00,14:00 - 15:30,"00:00 - 05:30, 23:00 - 24:00",08:00 - 13:00,-,"00:00 - 05:30, 23:00 - 24:00",08:00 - 13:00,-,"00:00 - 05:30, 23:00 - 24:00",Ya
07/10/2026 8:07:53,Ya,Abdul Rhazokiesyah Siregar,abdul.rhazok@gmail.com,Tutor Les,02:00 - 08:00,"10:00 - 11:30, 14:00 - 15:30",15:30 - 22:00,-,11:00 - 13:00,"00:00 - 05:30, 23:00 - 24:00",-,"09:00 - 11:00, 14:00 - 15:30","00:00 - 05:30, 23:00 - 24:00",02:00 - 08:00,12:30 - 15:30,15:30 - 22:00,02:00 - 08:00,12:30 - 14:00,14:00 - 20:30,02:00 - 08:00,-,08:00 - 14:30,02:00 - 08:00,-,08:00 - 14:30,Ya
07/10/2026 8:07:55,Ya,Mohammad Fadliansyah,moh.fadliansyah@gmail.com,Barista,-,13:00 - 15:00,"00:00 - 05:30, 23:00 - 24:00",-,-,"00:00 - 05:30, 23:00 - 24:00",08:30 - 14:30,15:30 - 17:30,"00:00 - 05:30, 23:00 - 24:00",08:30 - 14:30,15:30 - 17:30,"00:00 - 05:30, 23:00 - 24:00",08:30 - 14:30,07:00 - 08:30,"00:00 - 05:30, 23:00 - 24:00",08:30 - 14:30,-,"00:00 - 05:30, 23:00 - 24:00",08:30 - 14:30,-,"00:00 - 05:30, 23:00 - 24:00",Ya
07/10/2026 8:07:57,Ya,JESSLYN OLIVIA,jesslyn.olivia@gmail.com,Waiters,-,"08:00 - 09:30, 12:30 - 14:00","00:00 - 05:30, 23:00 - 24:00",17:30 - 23:30,12:30 - 14:00,"00:00 - 06:00, 23:30 - 24:00",17:30 - 23:30,14:00 - 15:30,"00:00 - 06:00, 23:30 - 24:00",-,14:00 - 17:30,"00:00 - 05:30, 23:00 - 24:00",17:30 - 23:30,14:30 - 16:30,"00:00 - 06:00, 23:30 - 24:00",17:30 - 23:30,-,"00:00 - 06:00, 23:30 - 24:00",-,-,"00:00 - 05:30, 23:00 - 24:00",Ya
07/10/2026 8:07:59,Ya,Endah K,endah.k@gmail.com,Crew Cafe / Restoran,19:00 - 24:00,"08:00 - 12:00, 13:00 - 15:00",00:00 - 06:30,19:00 - 24:00,09:00 - 11:00,00:00 - 06:30,-,"07:30 - 09:00, 12:00 - 14:00, 15:00 - 17:00","00:00 - 05:30, 23:00 - 24:00",19:00 - 24:00,"07:00 - 08:30, 09:30 - 12:00",00:00 - 06:30,-,"10:00 - 11:30, 15:30 - 17:30","00:00 - 05:30, 23:00 - 24:00",19:00 - 24:00,"08:00 - 09:30, 10:00 - 11:30, 15:00 - 17:00",00:00 - 06:30,19:00 - 24:00,-,00:00 - 06:30,Ya
07/10/2026 8:08:02,Ya,Bayu Nugroho Seto,bayu.nugroho.seto@gmail.com,Crew Cafe / Restoran,"00:00 - 00:30, 19:30 - 24:00",10:00 - 11:30,00:30 - 07:00,"00:00 - 00:30, 19:30 - 24:00","08:00 - 09:30, 11:00 - 13:00",00:30 - 07:00,-,12:00 - 15:30,"00:00 - 05:30, 23:00 - 24:00","00:00 - 00:30, 19:30 - 24:00","09:00 - 13:00, 14:00 - 15:30",00:30 - 07:00,-,12:00 - 14:00,"00:00 - 05:30, 23:00 - 24:00","00:00 - 00:30, 19:30 - 24:00",-,00:30 - 07:00,"00:00 - 00:30, 19:30 - 24:00",-,00:30 - 07:00,Ya
07/10/2026 8:08:04,Ya,Teja eri,teja.eri@gmail.com,Crew Cafe / Restoran,-,08:00 - 09:30,"00:00 - 05:30, 23:00 - 24:00",17:30 - 23:30,"10:00 - 11:30, 15:00 - 17:00","00:00 - 06:00, 23:30 - 24:00",17:30 - 23:30,-,"00:00 - 06:00, 23:30 - 24:00",-,"07:00 - 08:30, 11:00 - 15:00","00:00 - 05:30, 23:00 - 24:00",17:30 - 23:30,12:30 - 14:00,"00:00 - 06:00, 23:30 - 24:00",17:30 - 23:30,-,"00:00 - 06:00, 23:30 - 24:00",-,-,"00:00 - 05:30, 23:00 - 24:00",Ya
07/10/2026 8:08:06,Ya,talitha kanaya,talitha.kanaya@gmail.com,Barista,18:30 - 23:30,-,"00:00 - 06:00, 23:30 - 24:00",-,15:30 - 17:30,"00:00 - 05:30, 23:00 - 24:00",18:30 - 23:30,08:00 - 09:30,"00:00 - 06:00, 23:30 - 24:00",18:30 - 23:30,"07:30 - 09:00, 10:00 - 11:30","00:00 - 06:00, 23:30 - 24:00",18:30 - 23:30,08:00 - 09:30,"00:00 - 06:00, 23:30 - 24:00",18:30 - 23:30,-,"00:00 - 06:00, 23:30 - 24:00",-,-,"00:00 - 05:30, 23:00 - 24:00",Ya
07/10/2026 8:08:08,Ya,Naufal zaki,naufal.zaki@gmail.com,Barista,"00:00 - 00:30, 19:30 - 24:00",07:30 - 09:00,00:30 - 07:00,"00:00 - 00:30, 19:30 - 24:00",12:30 - 14:00,00:30 - 07:00,-,13:00 - 17:00,"00:00 - 05:30, 23:00 - 24:00","00:00 - 00:30, 19:30 - 24:00",15:00 - 17:00,00:30 - 07:00,-,-,"00:00 - 05:30, 23:00 - 24:00","00:00 - 00:30, 19:30 - 24:00",-,00:30 - 07:00,"00:00 - 00:30, 19:30 - 24:00",-,00:30 - 07:00,Ya
07/10/2026 8:08:10,Ya,Lorissa Keyna,lorissa.keyna@gmail.com,Barista,-,"09:30 - 12:00, 14:30 - 16:30","00:00 - 05:30, 23:00 - 24:00",17:00 - 22:00,15:00 - 17:00,"00:00 - 05:30, 23:00 - 24:00",17:00 - 22:00,12:00 - 14:00,"00:00 - 05:30, 23:00 - 24:00",17:00 - 22:00,"10:00 - 11:30, 14:30 - 16:30","00:00 - 05:30, 23:00 - 24:00",17:00 - 22:00,"07:30 - 09:00, 09:30 - 12:00","00:00 - 05:30, 23:00 - 24:00",17:00 - 22:00,-,"00:00 - 05:30, 23:00 - 24:00",-,-,"00:00 - 05:30, 23:00 - 24:00",Ya
07/10/2026 8:08:12,Ya,Tegar Rafianda Cahya Putra,tegar.rafianda@gmail.com,Barista,-,14:00 - 15:30,"00:00 - 05:30, 23:00 - 24:00","00:00 - 02:30, 20:30 - 24:00","07:30 - 09:00, 12:30 - 14:00",14:00 - 20:30,"00:00 - 02:30, 20:30 - 24:00",13:00 - 15:00,02:30 - 09:00,"00:00 - 02:30, 20:30 - 24:00",15:30 - 17:30,02:30 - 09:00,-,"09:00 - 11:00, 12:00 - 14:00","00:00 - 05:30, 23:00 - 24:00","00:00 - 02:30, 20:30 - 24:00",-,02:30 - 09:00,"00:00 - 02:30, 20:30 - 24:00",-,02:30 - 09:00,Ya
07/10/2026 8:08:15,Ya,Zahwa Charlyana,zahwa.charlyana@gmail.com,Crew Cafe / Restoran,"00:00 - 02:00, 20:00 - 24:00","09:00 - 11:00, 12:30 - 14:00",02:00 - 08:30,"00:00 - 02:00, 20:00 - 24:00",07:30 - 09:00,09:00 - 15:30,"00:00 - 02:00, 20:00 - 24:00",14:00 - 15:30,02:00 - 08:30,-,"07:00 - 08:30, 14:30 - 16:30","00:00 - 05:30, 23:00 - 24:00","00:00 - 02:00, 20:00 - 24:00",13:00 - 17:00,02:00 - 08:30,"00:00 - 02:00, 20:00 - 24:00",-,02:00 - 08:30,-,-,"00:00 - 05:30, 23:00 - 24:00",Ya
07/10/2026 8:08:17,Ya,naufal rismananda,naufal.rismananda@gmail.com,Barista,18:30 - 23:00,"08:00 - 09:30, 11:00 - 13:00","00:00 - 05:30, 23:00 - 24:00",18:30 - 23:00,12:30 - 14:00,"00:00 - 05:30, 23:00 - 24:00",-,12:30 - 14:00,"00:00 - 05:30, 23:00 - 24:00",18:30 - 23:00,"07:00 - 08:30, 12:00 - 14:00","00:00 - 05:30, 23:00 - 24:00",18:30 - 23:00,12:00 - 14:00,"00:00 - 05:30, 23:00 - 24:00",-,-,"00:00 - 05:30, 23:00 - 24:00",18:30 - 23:00,-,"00:00 - 05:30, 23:00 - 24:00",Ya
07/10/2026 8:08:19,Ya,Bevando Pangea Prawiratama,bevando.pangea@gmail.com,Crew Cafe / Restoran,16:30 - 21:30,09:00 - 11:00,"00:00 - 05:30, 23:00 - 24:00",16:30 - 21:30,09:00 - 11:00,"00:00 - 05:30, 23:00 - 24:00",16:30 - 21:30,"07:00 - 08:30, 12:30 - 14:00","00:00 - 05:30, 23:00 - 24:00",16:30 - 21:30,"10:00 - 11:30, 14:30 - 16:30","00:00 - 05:30, 23:00 - 24:00",-,"07:00 - 08:30, 15:30 - 17:30","00:00 - 05:30, 23:00 - 24:00",16:30 - 21:30,-,"00:00 - 05:30, 23:00 - 24:00",-,-,"00:00 - 05:30, 23:00 - 24:00",Ya
07/10/2026 8:08:22,Ya,Gigih adi w,gigih.adiw@gmail.com,Barista,"00:00 - 03:30, 21:30 - 24:00",11:00 - 13:00,03:30 - 10:00,-,08:00 - 09:30,"00:00 - 05:30, 23:00 - 24:00","00:00 - 03:30, 21:30 - 24:00",07:30 - 09:00,09:00 - 15:30,-,09:00 - 11:00,"00:00 - 05:30, 23:00 - 24:00","00:00 - 03:30, 21:30 - 24:00","09:30 - 12:00, 12:30 - 14:00, 15:00 - 17:00","03:30 - 08:30, 20:00 - 21:30","00:00 - 03:30, 21:30 - 24:00",-,03:30 - 10:00,"00:00 - 03:30, 21:30 - 24:00",-,03:30 - 10:00,Ya
07/10/2026 8:08:24,Ya,Friendy Pasangemas,friendy.pasangemas@gmail.com,Barista,"00:00 - 03:30, 21:30 - 24:00","09:00 - 11:00, 14:30 - 16:30","03:30 - 08:30, 20:00 - 21:30",-,"07:30 - 09:00, 09:30 - 12:00","00:00 - 05:30, 23:00 - 24:00","00:00 - 03:30, 21:30 - 24:00","07:00 - 08:30, 09:00 - 11:00, 12:30 - 14:00",14:00 - 20:30,-,07:30 - 09:00,"00:00 - 05:30, 23:00 - 24:00","00:00 - 03:30, 21:30 - 24:00",07:30 - 09:00,09:00 - 15:30,"00:00 - 03:30, 21:30 - 24:00",-,03:30 - 10:00,"00:00 - 03:30, 21:30 - 24:00",-,03:30 - 10:00,Ya
07/10/2026 8:08:26,Ya,Naila Deeba Sabilla,naila.deeba@gmail.com,Crew Cafe / Restoran,-,09:30 - 12:00,"00:00 - 05:30, 23:00 - 24:00",12:30 - 17:30,-,"00:00 - 05:30, 23:00 - 24:00",-,13:00 - 17:00,"00:00 - 05:30, 23:00 - 24:00",12:30 - 17:30,07:30 - 11:00,"00:00 - 05:30, 23:00 - 24:00",12:30 - 17:30,09:00 - 11:00,"00:00 - 05:30, 23:00 - 24:00",12:30 - 17:30,"07:30 - 09:00, 10:00 - 11:30","00:00 - 05:30, 23:00 - 24:00",12:30 - 17:30,-,"00:00 - 05:30, 23:00 - 24:00",Ya
07/10/2026 8:08:28,Ya,Falah Fajri Ananto,falah.fajri@gmail.com,Waiters,02:00 - 08:00,08:00 - 09:30,09:30 - 16:00,-,"07:30 - 09:00, 12:00 - 14:00","00:00 - 05:30, 23:00 - 24:00",-,-,"00:00 - 05:30, 23:00 - 24:00",02:00 - 08:00,12:00 - 15:30,15:30 - 22:00,02:00 - 08:00,"08:00 - 09:30, 12:00 - 14:00",14:00 - 20:30,02:00 - 08:00,-,08:00 - 14:30,02:00 - 08:00,-,08:00 - 14:30,Ya
07/10/2026 8:08:30,Ya,James Pijar,james.pijar@gmail.com,Waiters,07:30 - 12:30,14:00 - 15:30,"00:00 - 05:30, 23:00 - 24:00",07:30 - 12:30,-,"00:00 - 05:30, 23:00 - 24:00",-,"09:30 - 12:00, 14:00 - 15:30","00:00 - 05:30, 23:00 - 24:00",-,12:30 - 14:00,"00:00 - 05:30, 23:00 - 24:00",07:30 - 12:30,15:30 - 17:30,"00:00 - 05:30, 23:00 - 24:00",07:30 - 12:30,-,"00:00 - 05:30, 23:00 - 24:00",07:30 - 12:30,-,"00:00 - 05:30, 23:00 - 24:00",Ya
07/10/2026 8:08:33,Ya,Bimo Febrihan Calisto,bimcalisto@gmail.com,Freelancer Desain / Kreatif,"00:00 - 04:30, 22:30 - 24:00","09:30 - 12:00, 14:00 - 15:30",15:30 - 22:00,"00:00 - 04:30, 22:30 - 24:00","07:00 - 08:30, 13:00 - 15:00",15:00 - 21:30,"00:00 - 04:30, 22:30 - 24:00","08:00 - 09:30, 15:00 - 17:00","04:30 - 08:00, 09:30 - 10:00, 20:00 - 22:30","00:00 - 04:30, 22:30 - 24:00","08:00 - 09:30, 10:00 - 11:30, 12:00 - 14:00",14:00 - 20:30,"00:00 - 04:30, 22:30 - 24:00",09:30 - 12:00,12:00 - 18:30,-,-,"00:00 - 05:30, 23:00 - 24:00",-,-,"00:00 - 05:30, 23:00 - 24:00",Ya
07/10/2026 8:08:35,Ya,Veliza Pingkan Santosa,velpingkan@gmail.com,Crew Cafe / Restoran,-,09:30 - 14:00,"00:00 - 05:30, 23:00 - 24:00",-,"08:00 - 09:30, 12:00 - 14:00","00:00 - 05:30, 23:00 - 24:00",09:00 - 15:00,"07:00 - 08:30, 15:00 - 17:00","00:00 - 05:30, 23:00 - 24:00",09:00 - 15:00,07:00 - 08:30,"00:00 - 05:30, 23:00 - 24:00",09:00 - 15:00,"07:00 - 08:30, 15:30 - 17:30","00:00 - 05:30, 23:00 - 24:00",09:00 - 15:00,-,"00:00 - 05:30, 23:00 - 24:00",09:00 - 15:00,-,"00:00 - 05:30, 23:00 - 24:00",Ya
07/10/2026 8:08:37,Ya,Putri Khaerani,putkhaerani_@gmail.com,Crew Cafe / Restoran,19:00 - 24:00,08:00 - 09:30,00:00 - 06:30,-,15:00 - 17:00,"00:00 - 05:30, 23:00 - 24:00",19:00 - 24:00,"11:00 - 13:00, 14:00 - 15:30",00:00 - 06:30,19:00 - 24:00,-,00:00 - 06:30,-,"08:00 - 09:30, 12:00 - 14:00","00:00 - 05:30, 23:00 - 24:00",19:00 - 24:00,"07:00 - 08:30, 09:30 - 12:00",00:00 - 06:30,19:00 - 24:00,-,00:00 - 06:30,Ya
07/10/2026 8:08:39,Ya,Alea Salma,alesalma13@gmail.com,Tutor Les,18:30 - 23:30,07:00 - 08:30,"00:00 - 06:00, 23:30 - 24:00",-,"12:00 - 14:00, 15:30 - 17:30","00:00 - 05:30, 23:00 - 24:00",18:30 - 23:30,-,"00:00 - 06:00, 23:30 - 24:00",18:30 - 23:30,"12:00 - 14:00, 14:30 - 16:30","00:00 - 06:00, 23:30 - 24:00",-,"07:30 - 09:00, 09:30 - 12:00","00:00 - 05:30, 23:00 - 24:00",18:30 - 23:30,"07:30 - 09:00, 12:30 - 15:30","00:00 - 06:00, 23:30 - 24:00",18:30 - 23:30,-,"00:00 - 06:00, 23:30 - 24:00",Ya
07/10/2026 8:08:41,Ya,Maharani w,maharaniw@gmail.com,Barista,-,12:30 - 15:30,"00:00 - 05:30, 23:00 - 24:00",-,09:30 - 12:00,"00:00 - 05:30, 23:00 - 24:00",08:30 - 14:30,15:00 - 17:00,"00:00 - 05:30, 23:00 - 24:00",08:30 - 14:30,-,"00:00 - 05:30, 23:00 - 24:00",08:30 - 14:30,15:00 - 17:00,"00:00 - 05:30, 23:00 - 24:00",08:30 - 14:30,-,"00:00 - 05:30, 23:00 - 24:00",08:30 - 14:30,-,"00:00 - 05:30, 23:00 - 24:00",Ya
07/10/2026 8:08:43,Ya,Bintang Ramadhan,binramadhan22@gmail.com,Crew Cafe / Restoran,-,"08:00 - 09:30, 11:00 - 13:00","00:00 - 05:30, 23:00 - 24:00",-,12:00 - 15:30,"00:00 - 05:30, 23:00 - 24:00",09:00 - 15:00,"07:00 - 08:30, 15:00 - 17:00","00:00 - 05:30, 23:00 - 24:00",09:00 - 15:00,07:00 - 08:30,"00:00 - 05:30, 23:00 - 24:00",09:00 - 15:00,07:00 - 08:30,"00:00 - 05:30, 23:00 - 24:00",09:00 - 15:00,07:00 - 08:30,"00:00 - 05:30, 23:00 - 24:00",09:00 - 15:00,-,"00:00 - 05:30, 23:00 - 24:00",Ya
07/10/2026 8:08:46,Ya,adisty l,adisty.l@gmail.com,Crew Cafe / Restoran,18:30 - 23:30,11:00 - 15:00,"00:00 - 06:00, 23:30 - 24:00",-,13:00 - 15:00,"00:00 - 05:30, 23:00 - 24:00",18:30 - 23:30,"07:30 - 09:00, 13:00 - 15:00","00:00 - 06:00, 23:30 - 24:00",18:30 - 23:30,"09:00 - 11:00, 12:00 - 14:00","00:00 - 06:00, 23:30 - 24:00",-,"12:00 - 14:00, 15:30 - 17:30","00:00 - 05:30, 23:00 - 24:00",18:30 - 23:30,-,"00:00 - 06:00, 23:30 - 24:00",18:30 - 23:30,-,"00:00 - 06:00, 23:30 - 24:00",Ya
07/10/2026 8:08:48,Ya,Azmi mufid,azmi.mufid@gmail.com,Crew Cafe / Restoran,18:00 - 23:00,"09:00 - 11:00, 12:30 - 14:00","00:00 - 05:30, 23:00 - 24:00",-,"09:30 - 12:00, 13:00 - 15:00","00:00 - 05:30, 23:00 - 24:00",18:00 - 23:00,"12:30 - 14:00, 15:00 - 17:00","00:00 - 05:30, 23:00 - 24:00",18:00 - 23:00,"10:00 - 11:30, 14:00 - 15:30","00:00 - 05:30, 23:00 - 24:00",-,"09:00 - 11:00, 15:30 - 17:30","00:00 - 05:30, 23:00 - 24:00",18:00 - 23:00,-,"00:00 - 05:30, 23:00 - 24:00",18:00 - 23:00,-,"00:00 - 05:30, 23:00 - 24:00",Ya
07/10/2026 8:08:50,Ya,vanessa elma,vanessa.elma@gmail.com,Freelancer Desain / Kreatif,01:00 - 07:00,-,07:00 - 13:30,01:00 - 07:00,"08:00 - 09:30, 12:30 - 14:00",14:00 - 20:30,01:00 - 07:00,"11:00 - 13:00, 15:00 - 17:00",17:00 - 23:30,01:00 - 07:00,08:00 - 09:30,09:30 - 16:00,-,12:00 - 14:00,"00:00 - 05:30, 23:00 - 24:00",-,-,"00:00 - 05:30, 23:00 - 24:00",01:00 - 07:00,-,07:00 - 13:30,Ya
07/10/2026 8:08:52,Ya,Vetra nahara,vetra.nahara@gmail.com,Barista,18:30 - 23:30,14:30 - 16:30,"00:00 - 06:00, 23:30 - 24:00",-,"09:00 - 11:00, 13:00 - 15:00","00:00 - 05:30, 23:00 - 24:00",18:30 - 23:30,"07:00 - 08:30, 09:00 - 11:00, 12:00 - 14:00","00:00 - 06:00, 23:30 - 24:00",18:30 - 23:30,09:30 - 12:00,"00:00 - 06:00, 23:30 - 24:00",18:30 - 23:30,"07:00 - 08:30, 12:00 - 14:00","00:00 - 06:00, 23:30 - 24:00",18:30 - 23:30,-,"00:00 - 06:00, 23:30 - 24:00",-,-,"00:00 - 05:30, 23:00 - 24:00",Ya
07/10/2026 8:08:54,Ya,gahara brahma dewana,gahara.brahma@gmail.com,Waiters,-,-,"00:00 - 05:30, 23:00 - 24:00",17:00 - 22:00,"08:00 - 09:30, 13:00 - 15:00","00:00 - 05:30, 23:00 - 24:00",17:00 - 22:00,09:00 - 11:00,"00:00 - 05:30, 23:00 - 24:00",17:00 - 22:00,"07:00 - 08:30, 10:00 - 11:30, 14:30 - 16:30","00:00 - 05:30, 23:00 - 24:00",17:00 - 22:00,"10:00 - 11:30, 13:00 - 15:00","00:00 - 05:30, 23:00 - 24:00",17:00 - 22:00,-,"00:00 - 05:30, 23:00 - 24:00",-,-,"00:00 - 05:30, 23:00 - 24:00",Ya
07/10/2026 8:08:56,Ya,nasywa athaya,nasywa.athaya@gmail.com,Barista,"00:00 - 01:30, 19:30 - 24:00","09:30 - 12:00, 12:30 - 14:00, 14:30 - 16:30",01:30 - 08:00,"00:00 - 01:30, 19:30 - 24:00",-,01:30 - 08:00,"00:00 - 01:30, 19:30 - 24:00","12:00 - 14:00, 15:30 - 17:30",01:30 - 08:00,-,"07:00 - 08:30, 14:00 - 15:30","00:00 - 05:30, 23:00 - 24:00","00:00 - 01:30, 19:30 - 24:00","07:30 - 09:00, 11:00 - 13:00",13:00 - 19:30,"00:00 - 01:30, 19:30 - 24:00",-,01:30 - 08:00,-,-,"00:00 - 05:30, 23:00 - 24:00",Ya
07/10/2026 8:08:58,Ya,Grace tesalonika,grace.tesalonika@gmail.com,Barista,"00:00 - 02:00, 20:00 - 24:00","08:00 - 09:30, 15:00 - 17:00","02:00 - 08:00, 09:30 - 10:00","00:00 - 02:00, 20:00 - 24:00",-,02:00 - 08:30,"00:00 - 02:00, 20:00 - 24:00",07:30 - 09:00,09:00 - 15:30,-,"07:00 - 08:30, 10:00 - 11:30","00:00 - 05:30, 23:00 - 24:00","00:00 - 02:00, 20:00 - 24:00",15:00 - 17:00,02:00 - 08:30,"00:00 - 02:00, 20:00 - 24:00",-,02:00 - 08:30,-,-,"00:00 - 05:30, 23:00 - 24:00",Ya
07/10/2026 8:09:01,Ya,tegar suwasono,tegar.suwasono@gmail.com,Crew Cafe / Restoran,-,-,"00:00 - 05:30, 23:00 - 24:00","00:00 - 02:30, 20:30 - 24:00","10:00 - 11:30, 15:00 - 17:00",02:30 - 09:00,"00:00 - 02:30, 20:30 - 24:00",14:30 - 16:30,02:30 - 09:00,"00:00 - 02:30, 20:30 - 24:00",12:30 - 14:00,02:30 - 09:00,-,"07:30 - 09:00, 11:00 - 15:00","00:00 - 05:30, 23:00 - 24:00","00:00 - 02:30, 20:30 - 24:00",-,02:30 - 09:00,"00:00 - 02:30, 20:30 - 24:00",-,02:30 - 09:00,Ya
07/10/2026 8:09:03,Ya,Hugo Wenzel,hugo.wenzel@gmail.com,Crew Cafe / Restoran,18:30 - 23:30,"09:00 - 11:00, 14:00 - 15:30","00:00 - 06:00, 23:30 - 24:00",-,09:30 - 12:00,"00:00 - 05:30, 23:00 - 24:00",18:30 - 23:30,"07:00 - 08:30, 09:00 - 11:00, 12:30 - 14:00","00:00 - 06:00, 23:30 - 24:00",18:30 - 23:30,"07:30 - 09:00, 15:00 - 17:00","00:00 - 06:00, 23:30 - 24:00",18:30 - 23:30,08:00 - 12:00,"00:00 - 06:00, 23:30 - 24:00",18:30 - 23:30,-,"00:00 - 06:00, 23:30 - 24:00",-,-,"00:00 - 05:30, 23:00 - 24:00",Ya
07/10/2026 8:09:05,Ya,Syahira pamudi,syahira.pamudi@gmail.com,Crew Cafe / Restoran,"00:00 - 02:00, 20:00 - 24:00","12:00 - 14:00, 14:30 - 16:30",02:00 - 08:30,"00:00 - 02:00, 20:00 - 24:00",13:00 - 15:00,02:00 - 08:30,"00:00 - 02:00, 20:00 - 24:00",08:00 - 09:30,09:30 - 16:00,-,15:00 - 17:00,"00:00 - 05:30, 23:00 - 24:00","00:00 - 02:00, 20:00 - 24:00","07:00 - 08:30, 12:00 - 15:30","02:00 - 07:00, 08:30 - 10:00","00:00 - 02:00, 20:00 - 24:00",-,02:00 - 08:30,-,-,"00:00 - 05:30, 23:00 - 24:00",Ya
07/10/2026 8:09:07,Ya,annisa ni’mah,annisa.ni23@gmail.com,Waiters,16:00 - 21:00,"10:00 - 11:30, 12:30 - 14:00","00:00 - 05:30, 23:00 - 24:00",16:00 - 21:00,07:00 - 08:30,"00:00 - 05:30, 23:00 - 24:00",16:00 - 21:00,12:30 - 14:00,"00:00 - 05:30, 23:00 - 24:00",16:00 - 21:00,-,"00:00 - 05:30, 23:00 - 24:00",-,10:00 - 11:30,"00:00 - 05:30, 23:00 - 24:00",16:00 - 21:00,"07:00 - 08:30, 09:30 - 12:00","00:00 - 05:30, 23:00 - 24:00",-,-,"00:00 - 05:30, 23:00 - 24:00",Ya
07/10/2026 8:09:09,Ya,Naufal Nugraha Wibowo,naufalwinugraha@gmail.com,Crew Cafe / Restoran,15:30 - 20:30,11:00 - 13:00,"00:00 - 05:30, 23:00 - 24:00",15:30 - 20:30,07:00 - 08:30,"00:00 - 05:30, 23:00 - 24:00",15:30 - 20:30,09:30 - 12:00,"00:00 - 05:30, 23:00 - 24:00",15:30 - 20:30,09:00 - 11:00,"00:00 - 05:30, 23:00 - 24:00",-,14:30 - 16:30,"00:00 - 05:30, 23:00 - 24:00",15:30 - 20:30,-,"00:00 - 05:30, 23:00 - 24:00",-,-,"00:00 - 05:30, 23:00 - 24:00",Ya
07/10/2026 8:09:11,Ya,Jihan Prakoso Nugroho,jihannuprakoso@gmail.com,Crew Cafe / Restoran,08:30 - 13:30,14:30 - 16:30,"00:00 - 05:30, 23:00 - 24:00",08:30 - 13:30,"07:00 - 08:30, 15:30 - 17:30","00:00 - 05:30, 23:00 - 24:00",-,"13:00 - 15:00, 15:30 - 17:30","00:00 - 05:30, 23:00 - 24:00",-,"08:00 - 09:30, 14:00 - 15:30","00:00 - 05:30, 23:00 - 24:00",08:30 - 13:30,14:00 - 15:30,"00:00 - 05:30, 23:00 - 24:00",08:30 - 13:30,-,"00:00 - 05:30, 23:00 - 24:00",08:30 - 13:30,-,"00:00 - 05:30, 23:00 - 24:00",Ya
07/10/2026 8:09:13,Ya,Zahra Adinata Pratama,zahrapradinata@gmail.com,Barista,15:00 - 20:00,11:00 - 13:00,"00:00 - 05:30, 23:00 - 24:00",15:00 - 20:00,11:00 - 13:00,"00:00 - 05:30, 23:00 - 24:00",15:00 - 20:00,07:30 - 09:00,"00:00 - 05:30, 23:00 - 24:00",15:00 - 20:00,07:30 - 09:00,"00:00 - 05:30, 23:00 - 24:00",15:00 - 20:00,12:30 - 14:00,"00:00 - 05:30, 23:00 - 24:00",15:00 - 20:00,-,"00:00 - 05:30, 23:00 - 24:00",-,-,"00:00 - 05:30, 23:00 - 24:00",Ya
07/10/2026 8:09:16,Ya,Reza Febriani Maharani,rezamafebriani@gmail.com,Crew Cafe / Restoran,02:30 - 08:30,-,08:30 - 15:00,-,"12:30 - 14:00, 15:00 - 17:00","00:00 - 05:30, 23:00 - 24:00",-,"07:30 - 09:00, 14:00 - 15:30","00:00 - 05:30, 23:00 - 24:00",02:30 - 08:30,11:00 - 13:00,13:00 - 19:30,02:30 - 08:30,"11:00 - 13:00, 15:00 - 17:00",17:00 - 23:30,02:30 - 08:30,-,08:30 - 15:00,02:30 - 08:30,-,08:30 - 15:00,Ya
07/10/2026 8:09:18,Ya,Alif Febriani Kirana,aliffebrianiki@gmail.com,Waiters,02:00 - 08:00,"08:00 - 09:30, 15:00 - 17:00",17:00 - 23:30,-,-,"00:00 - 05:30, 23:00 - 24:00",-,"07:30 - 09:00, 11:00 - 13:00","00:00 - 05:30, 23:00 - 24:00",02:00 - 08:00,"10:00 - 11:30, 13:00 - 15:00",15:00 - 21:30,02:00 - 08:00,"09:00 - 11:00, 12:00 - 14:00",14:00 - 20:30,02:00 - 08:00,-,08:00 - 14:30,02:00 - 08:00,-,08:00 - 14:30,Ya
07/10/2026 8:09:20,Ya,Arga Saputra Akbar,saputraarga21@gmail.com,Waiters,02:00 - 08:00,08:00 - 09:30,09:30 - 16:00,-,"07:30 - 09:00, 11:00 - 15:00","00:00 - 05:30, 23:00 - 24:00",-,15:00 - 17:00,"00:00 - 05:30, 23:00 - 24:00",02:00 - 08:00,11:00 - 13:00,13:00 - 19:30,02:00 - 08:00,09:30 - 14:00,14:00 - 20:30,02:00 - 08:00,-,08:00 - 14:30,02:00 - 08:00,-,08:00 - 14:30,Ya
07/10/2026 8:09:22,Ya,Kania Nadira Fauzan,nnnadirakania@gmail.com,Barista,19:00 - 24:00,07:30 - 13:00,00:00 - 06:30,-,"08:00 - 09:30, 12:00 - 14:00, 14:30 - 16:30","00:00 - 05:30, 23:00 - 24:00",19:00 - 24:00,"07:00 - 08:30, 10:00 - 11:30, 15:30 - 17:30",00:00 - 06:30,19:00 - 24:00,"07:30 - 09:00, 10:00 - 11:30, 15:00 - 17:00",00:00 - 06:30,-,11:00 - 13:00,"00:00 - 05:30, 23:00 - 24:00",19:00 - 24:00,-,00:00 - 06:30,19:00 - 24:00,-,00:00 - 06:30,Ya
07/10/2026 8:09:25,Ya,Fani Lestari Safitri,fanilestarisa12@gmail.com,Tutor Les,00:00 - 06:00,"12:00 - 14:00, 15:00 - 17:00",17:00 - 23:30,00:00 - 06:00,-,06:00 - 12:30,00:00 - 06:00,09:00 - 11:00,11:00 - 17:30,00:00 - 06:00,12:00 - 14:00,14:00 - 20:30,00:00 - 06:00,"07:30 - 09:00, 13:00 - 15:00",15:00 - 21:30,-,-,"00:00 - 05:30, 23:00 - 24:00",-,-,"00:00 - 05:30, 23:00 - 24:00",Ya
07/10/2026 8:09:27,Ya,Ghina Wijaya Sari,ghinasa_wijaya@gmail.com,Barista,00:00 - 06:00,"08:00 - 09:30, 12:00 - 14:00",14:00 - 20:30,00:00 - 06:00,11:00 - 13:00,13:00 - 19:30,00:00 - 06:00,"07:30 - 09:00, 15:00 - 17:00",17:00 - 23:30,00:00 - 06:00,09:00 - 11:00,11:00 - 17:30,-,11:00 - 13:00,"00:00 - 05:30, 23:00 - 24:00",-,-,"00:00 - 05:30, 23:00 - 24:00",00:00 - 06:00,-,06:00 - 12:30,Ya
07/10/2026 8:09:29,Ya,Salma Lestari Hidayat,salma.lestari@gmail.com,Barista,"00:00 - 04:00, 22:00 - 24:00","09:00 - 11:00, 13:00 - 15:00",15:00 - 21:30,"00:00 - 04:00, 22:00 - 24:00","08:00 - 12:00, 13:00 - 15:00",15:00 - 21:30,"00:00 - 04:00, 22:00 - 24:00","07:30 - 09:00, 11:00 - 13:00",13:00 - 19:30,"00:00 - 04:00, 22:00 - 24:00",-,04:00 - 10:30,"00:00 - 04:00, 22:00 - 24:00","10:00 - 11:30, 12:00 - 14:00",14:00 - 20:30,-,"12:00 - 14:00, 15:00 - 17:00","00:00 - 05:30, 23:00 - 24:00",-,-,"00:00 - 05:30, 23:00 - 24:00",Ya
07/10/2026 8:09:31,Ya,Tegar Wicaksono Fauzan,tegar.wicaksono@gmail.com,Barista,00:30 - 06:30,14:30 - 16:30,06:30 - 13:00,00:30 - 06:30,13:00 - 15:00,06:30 - 13:00,00:30 - 06:30,"12:00 - 14:00, 15:00 - 17:00",17:00 - 23:30,00:30 - 06:30,"09:00 - 11:00, 14:00 - 15:30",15:30 - 22:00,00:30 - 06:30,"11:00 - 13:00, 14:00 - 15:30",15:30 - 22:00,-,-,"00:00 - 05:30, 23:00 - 24:00",-,-,"00:00 - 05:30, 23:00 - 24:00",Ya
07/10/2026 8:09:33,Ya,Vania Permana Maulana,permanavania_@gmail.com,Barista,"00:00 - 00:30, 19:30 - 24:00","08:00 - 09:30, 12:30 - 14:00",00:30 - 07:00,"00:00 - 00:30, 19:30 - 24:00","12:30 - 14:00, 15:30 - 17:30",00:30 - 07:00,-,"07:00 - 08:30, 09:30 - 12:00, 15:30 - 17:30","00:00 - 05:30, 23:00 - 24:00","00:00 - 00:30, 19:30 - 24:00",13:00 - 15:00,00:30 - 07:00,-,15:30 - 17:30,"00:00 - 05:30, 23:00 - 24:00","00:00 - 00:30, 19:30 - 24:00",-,00:30 - 07:00,"00:00 - 00:30, 19:30 - 24:00",-,00:30 - 07:00,Ya
07/10/2026 8:09:35,Ya,Bagas Adinata Wijaya,adinatabagas@gmail.com,Tutor Les,00:30 - 06:30,"09:30 - 12:00, 15:00 - 17:00",17:00 - 23:30,00:30 - 06:30,"07:00 - 08:30, 13:00 - 15:00",15:00 - 21:30,00:30 - 06:30,09:30 - 12:00,12:00 - 18:30,00:30 - 06:30,15:30 - 17:30,06:30 - 13:00,-,"07:30 - 09:00, 12:00 - 14:00","00:00 - 05:30, 23:00 - 24:00",-,-,"00:00 - 05:30, 23:00 - 24:00",00:30 - 06:30,-,06:30 - 13:00,Ya